url,discovered_source,sitemap_sources,status,final_url,page_type,title,meta_description,canonical,robots,h1,h2,schema_types,internal_in_count,internal_out_count,important_internal_links_in,important_internal_links_out,image_refs,proposed_destination_url,proposed_outcome,migration_priority,seo_risk_notes
https://omayatravel.com/,"internal crawl, navigation/home crawl, sitemap",https://omayatravel.com/page-sitemap.xml,200,https://omayatravel.com/,home,Home - Omaya Travel,,https://omayatravel.com/,"follow, index, max-snippet:-1, max-video-preview:-1, max-image-preview:large",See the world. Meet its people,Are we your travel match? | Trips worth talking about | Our mission | Private tours | Blog Posts,"Article, ImageObject, Organization, Person, SearchAction, TravelAgency, WebPage, WebSite",128,37,https://omayatravel.com/tabs/ | https://omayatravel.com/10-unmissable-places-to-visit-on-your-bulgaria-trip/ | https://omayatravel.com/checkout/ | https://omayatravel.com/wp-booking-calendar-time-appointments/ | https://omayatravel.com/countdown/ | https://omayatravel.com/tour-list-masonry/ | https://omayatravel.com/ | https://omayatravel.com/cookie-policy/ | https://omayatravel.com/dmc-partner-bulgaria/ | https://omayatravel.com/tour-carousel/ | https://omayatravel.com/2026/07/ | https://omayatravel.com/checkout-2/,https://omayatravel.com/ | https://omayatravel.com/tassili-najjer-national-park-algeria-guide/ | https://omayatravel.com/2026/07/ | https://omayatravel.com/the-complete-visitor-guide-to-rila-monastery/ | https://omayatravel.com/2026/04/ | https://omayatravel.com/tour-item/algeria-desert-expedition-tadrart-rouge/ | https://omayatravel.com/tour-item/bulgaria-trip/ | https://omayatravel.com/tour-item/safari-tour/ | https://omayatravel.com/tour-item/morocco-tour/ | https://omayatravel.com/classic-tours/ | https://omayatravel.com/women-only-tours/ | https://omayatravel.com/solo-travellers/?preview=true,https://www.facebook.com/tr?id=1606463407092899&ev=PageView&noscript=1 (alt: facebook) | https://i0.wp.com/omayatravel.com/wp-content/uploads/2018/02/logo-sidearea-1.png?fit=162%2C52&ssl=1 (alt: logo) | https://i0.wp.com/omayatravel.com/wp-content/uploads/2026/07/Algeria-Tassili-National-Park.webp?resize=150%2C150&ssl=1 (alt: Algeria Tassili n'Ajjer Desert Expedition) | https://i0.wp.com/omayatravel.com/wp-content/uploads/2026/04/Rila-Monastery-Article-2-Opt.webp?resize=150%2C150&ssl=1 (alt: MISSING) | https://omayatravel.com/wp-content/uploads/2026/04/Black_logo-e1781169999413.webp (alt: logo),/,keep,critical,Homepage equity should be preserved.
https://omayatravel.com/10-unmissable-places-to-visit-on-your-bulgaria-trip/,"navigation/home crawl, sitemap",https://omayatravel.com/post-sitemap.xml,200,https://omayatravel.com/10-unmissable-places-to-visit-on-your-bulgaria-trip/,blog/article,10 Unmissable Places to Visit on Your Bulgaria Trip (Chosen by Local Guides) - Omaya Travel,"As local guides who explore these regions year-round, we created this list to help you experience the most meaningful places to visit in Bulgaria, not just the most famous ones. Alongside well-known highlights like Rila Monastery, Plovdiv, and Veliko Tarnovo, we’ve included cultural experiences, hidden villages, wine regions, and mountain landscapes that travelers often miss but remember the most.",https://omayatravel.com/10-unmissable-places-to-visit-on-your-bulgaria-trip/,"follow, index, max-snippet:-1, max-video-preview:-1, max-image-preview:large",10 Unmissable Places to Visit on Your Bulgaria Trip (Chosen by Local Guides),,"BlogPosting, BreadcrumbList, ImageObject, ListItem, Organization, Person, TravelAgency, WebPage, WebSite",14,37,https://omayatravel.com/2026/02/ | https://omayatravel.com/2026/04/ | https://omayatravel.com/ | https://omayatravel.com/10-unmissable-places-to-visit-on-your-bulgaria-trip/ | https://omayatravel.com/destinations/ | https://omayatravel.com/category/travel/ | https://omayatravel.com/category/uncategorized/ | https://omayatravel.com/2026/07/ | https://omayatravel.com/the-complete-visitor-guide-to-rila-monastery/ | https://omayatravel.com/blog-list-2/ | https://omayatravel.com/tassili-najjer-national-park-algeria-guide/ | https://omayatravel.com/blog-list/,https://omayatravel.com/10-unmissable-places-to-visit-on-your-bulgaria-trip/ | https://omayatravel.com/tassili-najjer-national-park-algeria-guide/ | https://omayatravel.com/2026/07/ | https://omayatravel.com/the-complete-visitor-guide-to-rila-monastery/ | https://omayatravel.com/2026/04/ | https://omayatravel.com/ | https://omayatravel.com/tour-item/algeria-desert-expedition-tadrart-rouge/ | https://omayatravel.com/tour-item/bulgaria-trip/ | https://omayatravel.com/tour-item/safari-tour/ | https://omayatravel.com/tour-item/morocco-tour/ | https://omayatravel.com/classic-tours/ | https://omayatravel.com/women-only-tours/,https://www.facebook.com/tr?id=1606463407092899&ev=PageView&noscript=1 (alt: facebook) | https://i0.wp.com/omayatravel.com/wp-content/uploads/2018/02/logo-sidearea-1.png?fit=162%2C52&ssl=1 (alt: logo) | https://i0.wp.com/omayatravel.com/wp-content/uploads/2026/07/Algeria-Tassili-National-Park.webp?resize=150%2C150&ssl=1 (alt: Algeria Tassili n'Ajjer Desert Expedition) | https://i0.wp.com/omayatravel.com/wp-content/uploads/2026/04/Rila-Monastery-Article-2-Opt.webp?resize=150%2C150&ssl=1 (alt: MISSING) | https://omayatravel.com/wp-content/uploads/2026/04/Black_logo-e1781169999413.webp (alt: logo),/10-unmissable-places-to-visit-on-your-bulgaria-trip/,keep or redirect,high,Preserve article slug where practical; redirect if blog architecture changes.
https://omayatravel.com/2026/02/,navigation/home crawl,,200,https://omayatravel.com/2026/02/,content page,February 2026 - Omaya Travel,,,"follow, noindex",February 2026,,"BreadcrumbList, CollectionPage, ImageObject, ListItem, TravelAgency, WebSite",13,36,https://omayatravel.com/2026/02/ | https://omayatravel.com/2026/04/ | https://omayatravel.com/ | https://omayatravel.com/10-unmissable-places-to-visit-on-your-bulgaria-trip/ | https://omayatravel.com/category/travel/ | https://omayatravel.com/category/uncategorized/ | https://omayatravel.com/2026/07/ | https://omayatravel.com/the-complete-visitor-guide-to-rila-monastery/ | https://omayatravel.com/blog-list-2/ | https://omayatravel.com/tassili-najjer-national-park-algeria-guide/ | https://omayatravel.com/blog-list/ | https://omayatravel.com/blog-masonry/,https://omayatravel.com/2026/02/ | https://omayatravel.com/tassili-najjer-national-park-algeria-guide/ | https://omayatravel.com/2026/07/ | https://omayatravel.com/the-complete-visitor-guide-to-rila-monastery/ | https://omayatravel.com/2026/04/ | https://omayatravel.com/ | https://omayatravel.com/tour-item/algeria-desert-expedition-tadrart-rouge/ | https://omayatravel.com/tour-item/bulgaria-trip/ | https://omayatravel.com/tour-item/safari-tour/ | https://omayatravel.com/tour-item/morocco-tour/ | https://omayatravel.com/classic-tours/ | https://omayatravel.com/women-only-tours/,https://www.facebook.com/tr?id=1606463407092899&ev=PageView&noscript=1 (alt: facebook) | https://i0.wp.com/omayatravel.com/wp-content/uploads/2018/02/logo-sidearea-1.png?fit=162%2C52&ssl=1 (alt: logo) | https://i0.wp.com/omayatravel.com/wp-content/uploads/2026/07/Algeria-Tassili-National-Park.webp?resize=150%2C150&ssl=1 (alt: Algeria Tassili n'Ajjer Desert Expedition) | https://i0.wp.com/omayatravel.com/wp-content/uploads/2026/04/Rila-Monastery-Article-2-Opt.webp?resize=150%2C150&ssl=1 (alt: MISSING) | https://omayatravel.com/wp-content/uploads/2026/04/Black_logo-e1781169999413.webp (alt: logo),/2026/02/,noindex,low,Current page declares noindex.
https://omayatravel.com/2026/04/,navigation/home crawl,,200,https://omayatravel.com/2026/04/,tour/destination candidate,April 2026 - Omaya Travel,,,"follow, noindex",April 2026,,"BreadcrumbList, CollectionPage, ImageObject, ListItem, TravelAgency, WebSite",124,36,https://omayatravel.com/tabs/ | https://omayatravel.com/10-unmissable-places-to-visit-on-your-bulgaria-trip/ | https://omayatravel.com/checkout/ | https://omayatravel.com/wp-booking-calendar-time-appointments/ | https://omayatravel.com/countdown/ | https://omayatravel.com/tour-list-masonry/ | https://omayatravel.com/ | https://omayatravel.com/cookie-policy/ | https://omayatravel.com/dmc-partner-bulgaria/ | https://omayatravel.com/tour-carousel/ | https://omayatravel.com/2026/07/ | https://omayatravel.com/checkout-2/,https://omayatravel.com/2026/04/ | https://omayatravel.com/tassili-najjer-national-park-algeria-guide/ | https://omayatravel.com/2026/07/ | https://omayatravel.com/the-complete-visitor-guide-to-rila-monastery/ | https://omayatravel.com/ | https://omayatravel.com/tour-item/algeria-desert-expedition-tadrart-rouge/ | https://omayatravel.com/tour-item/bulgaria-trip/ | https://omayatravel.com/tour-item/safari-tour/ | https://omayatravel.com/tour-item/morocco-tour/ | https://omayatravel.com/classic-tours/ | https://omayatravel.com/women-only-tours/ | https://omayatravel.com/solo-travellers/?preview=true,https://www.facebook.com/tr?id=1606463407092899&ev=PageView&noscript=1 (alt: facebook) | https://i0.wp.com/omayatravel.com/wp-content/uploads/2018/02/logo-sidearea-1.png?fit=162%2C52&ssl=1 (alt: logo) | https://i0.wp.com/omayatravel.com/wp-content/uploads/2026/07/Algeria-Tassili-National-Park.webp?resize=150%2C150&ssl=1 (alt: Algeria Tassili n'Ajjer Desert Expedition) | https://i0.wp.com/omayatravel.com/wp-content/uploads/2026/04/Rila-Monastery-Article-2-Opt.webp?resize=150%2C150&ssl=1 (alt: MISSING) | https://omayatravel.com/wp-content/uploads/2026/04/Black_logo-e1781169999413.webp (alt: logo),/2026/04/,noindex,low,Current page declares noindex.
https://omayatravel.com/2026/07/,navigation/home crawl,,200,https://omayatravel.com/2026/07/,content page,July 2026 - Omaya Travel,,,"follow, noindex",July 2026,,"BreadcrumbList, CollectionPage, ImageObject, ListItem, TravelAgency, WebSite",124,36,https://omayatravel.com/tabs/ | https://omayatravel.com/10-unmissable-places-to-visit-on-your-bulgaria-trip/ | https://omayatravel.com/checkout/ | https://omayatravel.com/wp-booking-calendar-time-appointments/ | https://omayatravel.com/countdown/ | https://omayatravel.com/tour-list-masonry/ | https://omayatravel.com/ | https://omayatravel.com/cookie-policy/ | https://omayatravel.com/dmc-partner-bulgaria/ | https://omayatravel.com/tour-carousel/ | https://omayatravel.com/2026/07/ | https://omayatravel.com/checkout-2/,https://omayatravel.com/2026/07/ | https://omayatravel.com/tassili-najjer-national-park-algeria-guide/ | https://omayatravel.com/the-complete-visitor-guide-to-rila-monastery/ | https://omayatravel.com/2026/04/ | https://omayatravel.com/ | https://omayatravel.com/tour-item/algeria-desert-expedition-tadrart-rouge/ | https://omayatravel.com/tour-item/bulgaria-trip/ | https://omayatravel.com/tour-item/safari-tour/ | https://omayatravel.com/tour-item/morocco-tour/ | https://omayatravel.com/classic-tours/ | https://omayatravel.com/women-only-tours/ | https://omayatravel.com/solo-travellers/?preview=true,https://www.facebook.com/tr?id=1606463407092899&ev=PageView&noscript=1 (alt: facebook) | https://i0.wp.com/omayatravel.com/wp-content/uploads/2018/02/logo-sidearea-1.png?fit=162%2C52&ssl=1 (alt: logo) | https://i0.wp.com/omayatravel.com/wp-content/uploads/2026/07/Algeria-Tassili-National-Park.webp?resize=150%2C150&ssl=1 (alt: Algeria Tassili n'Ajjer Desert Expedition) | https://i0.wp.com/omayatravel.com/wp-content/uploads/2026/04/Rila-Monastery-Article-2-Opt.webp?resize=150%2C150&ssl=1 (alt: MISSING) | https://omayatravel.com/wp-content/uploads/2026/04/Black_logo-e1781169999413.webp (alt: logo),/2026/07/,noindex,low,Current page declares noindex.
https://omayatravel.com/3122-2/,"internal crawl, sitemap",https://omayatravel.com/page-sitemap.xml,200,https://omayatravel.com/3122-2/,tour/destination candidate,Let's Create Your Ideal Tour - Omaya Travel,Share a few details about your travel plans and our team will get back to you with a tailor-made proposal.,https://omayatravel.com/3122-2/,"follow, index, max-snippet:-1, max-video-preview:-1, max-image-preview:large",Let’s Create Your Ideal Tour,,"Article, BreadcrumbList, ImageObject, ListItem, Organization, Person, TravelAgency, WebPage, WebSite",2,33,https://omayatravel.com/private-tours-your-trip-your-rules/ | https://omayatravel.com/3122-2/,https://omayatravel.com/3122-2/ | https://omayatravel.com/tassili-najjer-national-park-algeria-guide/ | https://omayatravel.com/2026/07/ | https://omayatravel.com/the-complete-visitor-guide-to-rila-monastery/ | https://omayatravel.com/2026/04/ | https://omayatravel.com/ | https://omayatravel.com/tour-item/algeria-desert-expedition-tadrart-rouge/ | https://omayatravel.com/tour-item/bulgaria-trip/ | https://omayatravel.com/tour-item/safari-tour/ | https://omayatravel.com/tour-item/morocco-tour/ | https://omayatravel.com/classic-tours/ | https://omayatravel.com/women-only-tours/,https://www.facebook.com/tr?id=1606463407092899&ev=PageView&noscript=1 (alt: facebook) | https://i0.wp.com/omayatravel.com/wp-content/uploads/2018/02/logo-sidearea-1.png?fit=162%2C52&ssl=1 (alt: logo) | https://i0.wp.com/omayatravel.com/wp-content/uploads/2026/07/Algeria-Tassili-National-Park.webp?resize=150%2C150&ssl=1 (alt: Algeria Tassili n'Ajjer Desert Expedition) | https://i0.wp.com/omayatravel.com/wp-content/uploads/2026/04/Rila-Monastery-Article-2-Opt.webp?resize=150%2C150&ssl=1 (alt: MISSING) | https://omayatravel.com/wp-content/uploads/2026/04/Black_logo-e1781169999413.webp (alt: logo),/3122-2/,keep or redirect,high,"Separate country, destination and tour intent during final route approval."
https://omayatravel.com/?page_id=2719,navigation/home crawl,,200,https://omayatravel.com/cookie-policy/,home,Cookie Policy - Omaya Travel,Last updated: 28.03.2026,https://omayatravel.com/cookie-policy/,"follow, index, max-snippet:-1, max-video-preview:-1, max-image-preview:large",Cookie Policy,,"Article, BreadcrumbList, ImageObject, ListItem, Organization, Person, TravelAgency, WebPage, WebSite",119,32,https://omayatravel.com/tabs/ | https://omayatravel.com/10-unmissable-places-to-visit-on-your-bulgaria-trip/ | https://omayatravel.com/checkout/ | https://omayatravel.com/wp-booking-calendar-time-appointments/ | https://omayatravel.com/countdown/ | https://omayatravel.com/tour-list-masonry/ | https://omayatravel.com/ | https://omayatravel.com/cookie-policy/ | https://omayatravel.com/dmc-partner-bulgaria/ | https://omayatravel.com/tour-carousel/ | https://omayatravel.com/2026/07/ | https://omayatravel.com/checkout-2/,https://omayatravel.com/?page_id=2719 | https://omayatravel.com/tassili-najjer-national-park-algeria-guide/ | https://omayatravel.com/2026/07/ | https://omayatravel.com/the-complete-visitor-guide-to-rila-monastery/ | https://omayatravel.com/2026/04/ | https://omayatravel.com/ | https://omayatravel.com/tour-item/algeria-desert-expedition-tadrart-rouge/ | https://omayatravel.com/tour-item/bulgaria-trip/ | https://omayatravel.com/tour-item/safari-tour/ | https://omayatravel.com/tour-item/morocco-tour/ | https://omayatravel.com/classic-tours/ | https://omayatravel.com/women-only-tours/,https://www.facebook.com/tr?id=1606463407092899&ev=PageView&noscript=1 (alt: facebook) | https://i0.wp.com/omayatravel.com/wp-content/uploads/2018/02/logo-sidearea-1.png?fit=162%2C52&ssl=1 (alt: logo) | https://i0.wp.com/omayatravel.com/wp-content/uploads/2026/07/Algeria-Tassili-National-Park.webp?resize=150%2C150&ssl=1 (alt: Algeria Tassili n'Ajjer Desert Expedition) | https://i0.wp.com/omayatravel.com/wp-content/uploads/2026/04/Rila-Monastery-Article-2-Opt.webp?resize=150%2C150&ssl=1 (alt: MISSING) | https://omayatravel.com/wp-content/uploads/2026/04/Black_logo-e1781169999413.webp (alt: logo),/,noindex,low,Query/filter URL discovered; avoid indexing unless deliberately designed.
https://omayatravel.com/?page_id=3,navigation/home crawl,,200,https://omayatravel.com/privacy-policy/,home,Privacy Policy - Omaya Travel,We respect your privacy and are committed to protecting your personal data.,https://omayatravel.com/privacy-policy/,"follow, index, max-snippet:-1, max-video-preview:-1, max-image-preview:large",Privacy Policy,,"Article, BreadcrumbList, ImageObject, ListItem, Organization, Person, TravelAgency, WebPage, WebSite",119,32,https://omayatravel.com/tabs/ | https://omayatravel.com/10-unmissable-places-to-visit-on-your-bulgaria-trip/ | https://omayatravel.com/checkout/ | https://omayatravel.com/wp-booking-calendar-time-appointments/ | https://omayatravel.com/countdown/ | https://omayatravel.com/tour-list-masonry/ | https://omayatravel.com/ | https://omayatravel.com/cookie-policy/ | https://omayatravel.com/dmc-partner-bulgaria/ | https://omayatravel.com/tour-carousel/ | https://omayatravel.com/2026/07/ | https://omayatravel.com/checkout-2/,https://omayatravel.com/?page_id=3 | https://omayatravel.com/tassili-najjer-national-park-algeria-guide/ | https://omayatravel.com/2026/07/ | https://omayatravel.com/the-complete-visitor-guide-to-rila-monastery/ | https://omayatravel.com/2026/04/ | https://omayatravel.com/ | https://omayatravel.com/tour-item/algeria-desert-expedition-tadrart-rouge/ | https://omayatravel.com/tour-item/bulgaria-trip/ | https://omayatravel.com/tour-item/safari-tour/ | https://omayatravel.com/tour-item/morocco-tour/ | https://omayatravel.com/classic-tours/ | https://omayatravel.com/women-only-tours/,https://www.facebook.com/tr?id=1606463407092899&ev=PageView&noscript=1 (alt: facebook) | https://i0.wp.com/omayatravel.com/wp-content/uploads/2018/02/logo-sidearea-1.png?fit=162%2C52&ssl=1 (alt: logo) | https://i0.wp.com/omayatravel.com/wp-content/uploads/2026/07/Algeria-Tassili-National-Park.webp?resize=150%2C150&ssl=1 (alt: Algeria Tassili n'Ajjer Desert Expedition) | https://i0.wp.com/omayatravel.com/wp-content/uploads/2026/04/Rila-Monastery-Article-2-Opt.webp?resize=150%2C150&ssl=1 (alt: MISSING) | https://omayatravel.com/wp-content/uploads/2026/04/Black_logo-e1781169999413.webp (alt: logo),/,noindex,low,Query/filter URL discovered; avoid indexing unless deliberately designed.
https://omayatravel.com/?page_id=635,navigation/home crawl,,200,https://omayatravel.com/our-story/,home,Our story - Omaya Travel,"We were both on our way to high school, living in the same neighbourhood and commuting to class each morning. Sharing that ride quickly turned into sharing",https://omayatravel.com/our-story/,"follow, index, max-snippet:-1, max-video-preview:-1, max-image-preview:large","Our story | The Faces Behind the Story | l hold a degree in Tourism and have spent the past 10+ years working in travel planning and logistics for both leisure and business trips. I've had the opportunity to organise journeys for travellers from all over the world, making sure every detail is carefully arranged and each trip runs as smoothly as possible. At Omaya, I bring that same attention to detail into designing journeys that feel seamless for the traveller. | I've spent years working across",Meet Vesislava | Meet Nesi,"Article, BreadcrumbList, ImageObject, ListItem, Organization, Person, TravelAgency, WebPage, WebSite",119,32,https://omayatravel.com/tabs/ | https://omayatravel.com/10-unmissable-places-to-visit-on-your-bulgaria-trip/ | https://omayatravel.com/checkout/ | https://omayatravel.com/wp-booking-calendar-time-appointments/ | https://omayatravel.com/countdown/ | https://omayatravel.com/tour-list-masonry/ | https://omayatravel.com/ | https://omayatravel.com/cookie-policy/ | https://omayatravel.com/dmc-partner-bulgaria/ | https://omayatravel.com/tour-carousel/ | https://omayatravel.com/2026/07/ | https://omayatravel.com/checkout-2/,https://omayatravel.com/?page_id=635 | https://omayatravel.com/tassili-najjer-national-park-algeria-guide/ | https://omayatravel.com/2026/07/ | https://omayatravel.com/the-complete-visitor-guide-to-rila-monastery/ | https://omayatravel.com/2026/04/ | https://omayatravel.com/ | https://omayatravel.com/tour-item/algeria-desert-expedition-tadrart-rouge/ | https://omayatravel.com/tour-item/bulgaria-trip/ | https://omayatravel.com/tour-item/safari-tour/ | https://omayatravel.com/tour-item/morocco-tour/ | https://omayatravel.com/classic-tours/ | https://omayatravel.com/women-only-tours/,https://www.facebook.com/tr?id=1606463407092899&ev=PageView&noscript=1 (alt: facebook) | https://i0.wp.com/omayatravel.com/wp-content/uploads/2018/02/logo-sidearea-1.png?fit=162%2C52&ssl=1 (alt: logo) | https://i0.wp.com/omayatravel.com/wp-content/uploads/2026/07/Algeria-Tassili-National-Park.webp?resize=150%2C150&ssl=1 (alt: Algeria Tassili n'Ajjer Desert Expedition) | https://i0.wp.com/omayatravel.com/wp-content/uploads/2026/04/Rila-Monastery-Article-2-Opt.webp?resize=150%2C150&ssl=1 (alt: MISSING) | https://omayatravel.com/wp-content/uploads/2026/04/Black_logo-e1781169999413.webp (alt: logo),/,noindex,low,Query/filter URL discovered; avoid indexing unless deliberately designed.
https://omayatravel.com/?page_id=852,navigation/home crawl,,200,https://omayatravel.com/faq/,home,Frequently Asked Questions - Omaya Travel,"Got questions about your upcoming adventure? Our FAQ section covers the essentials: booking confirmations, cancellation policies, visa requirements, and",https://omayatravel.com/faq/,"follow, index, max-snippet:-1, max-video-preview:-1, max-image-preview:large",Frequently Asked Questions,,"Article, BreadcrumbList, ImageObject, ListItem, Organization, Person, TravelAgency, WebPage, WebSite",119,32,https://omayatravel.com/tabs/ | https://omayatravel.com/10-unmissable-places-to-visit-on-your-bulgaria-trip/ | https://omayatravel.com/checkout/ | https://omayatravel.com/wp-booking-calendar-time-appointments/ | https://omayatravel.com/countdown/ | https://omayatravel.com/tour-list-masonry/ | https://omayatravel.com/ | https://omayatravel.com/cookie-policy/ | https://omayatravel.com/dmc-partner-bulgaria/ | https://omayatravel.com/tour-carousel/ | https://omayatravel.com/2026/07/ | https://omayatravel.com/checkout-2/,https://omayatravel.com/?page_id=852 | https://omayatravel.com/tassili-najjer-national-park-algeria-guide/ | https://omayatravel.com/2026/07/ | https://omayatravel.com/the-complete-visitor-guide-to-rila-monastery/ | https://omayatravel.com/2026/04/ | https://omayatravel.com/ | https://omayatravel.com/tour-item/algeria-desert-expedition-tadrart-rouge/ | https://omayatravel.com/tour-item/bulgaria-trip/ | https://omayatravel.com/tour-item/safari-tour/ | https://omayatravel.com/tour-item/morocco-tour/ | https://omayatravel.com/classic-tours/ | https://omayatravel.com/women-only-tours/,https://www.facebook.com/tr?id=1606463407092899&ev=PageView&noscript=1 (alt: facebook) | https://i0.wp.com/omayatravel.com/wp-content/uploads/2018/02/logo-sidearea-1.png?fit=162%2C52&ssl=1 (alt: logo) | https://i0.wp.com/omayatravel.com/wp-content/uploads/2026/07/Algeria-Tassili-National-Park.webp?resize=150%2C150&ssl=1 (alt: Algeria Tassili n'Ajjer Desert Expedition) | https://i0.wp.com/omayatravel.com/wp-content/uploads/2026/04/Rila-Monastery-Article-2-Opt.webp?resize=150%2C150&ssl=1 (alt: MISSING) | https://omayatravel.com/wp-content/uploads/2026/04/Black_logo-e1781169999413.webp (alt: logo),/,noindex,low,Query/filter URL discovered; avoid indexing unless deliberately designed.
https://omayatravel.com/?page_id=910,navigation/home crawl,,200,https://omayatravel.com/why-book-with-us/,home,Why book with us? - Omaya Travel,"It’s the result of thoughtful planning, the right balance of experiences, and the people behind your trip – from the first email exchange to the local guides",https://omayatravel.com/why-book-with-us/,"follow, index, max-snippet:-1, max-video-preview:-1, max-image-preview:large",Why book with us?,"Small Groups, Better Experiences | Thoughtfully Designed Itineraries | Experience You Can Rely On | The People Behind Your Journey","Article, BreadcrumbList, ImageObject, ListItem, Organization, Person, TravelAgency, WebPage, WebSite",119,32,https://omayatravel.com/tabs/ | https://omayatravel.com/10-unmissable-places-to-visit-on-your-bulgaria-trip/ | https://omayatravel.com/checkout/ | https://omayatravel.com/wp-booking-calendar-time-appointments/ | https://omayatravel.com/countdown/ | https://omayatravel.com/tour-list-masonry/ | https://omayatravel.com/ | https://omayatravel.com/cookie-policy/ | https://omayatravel.com/dmc-partner-bulgaria/ | https://omayatravel.com/tour-carousel/ | https://omayatravel.com/2026/07/ | https://omayatravel.com/checkout-2/,https://omayatravel.com/?page_id=910 | https://omayatravel.com/tassili-najjer-national-park-algeria-guide/ | https://omayatravel.com/2026/07/ | https://omayatravel.com/the-complete-visitor-guide-to-rila-monastery/ | https://omayatravel.com/2026/04/ | https://omayatravel.com/ | https://omayatravel.com/tour-item/algeria-desert-expedition-tadrart-rouge/ | https://omayatravel.com/tour-item/bulgaria-trip/ | https://omayatravel.com/tour-item/safari-tour/ | https://omayatravel.com/tour-item/morocco-tour/ | https://omayatravel.com/classic-tours/ | https://omayatravel.com/women-only-tours/,https://www.facebook.com/tr?id=1606463407092899&ev=PageView&noscript=1 (alt: facebook) | https://i0.wp.com/omayatravel.com/wp-content/uploads/2018/02/logo-sidearea-1.png?fit=162%2C52&ssl=1 (alt: logo) | https://i0.wp.com/omayatravel.com/wp-content/uploads/2026/07/Algeria-Tassili-National-Park.webp?resize=150%2C150&ssl=1 (alt: Algeria Tassili n'Ajjer Desert Expedition) | https://i0.wp.com/omayatravel.com/wp-content/uploads/2026/04/Rila-Monastery-Article-2-Opt.webp?resize=150%2C150&ssl=1 (alt: MISSING) | https://omayatravel.com/wp-content/uploads/2026/04/Black_logo-e1781169999413.webp (alt: logo),/,noindex,low,Query/filter URL discovered; avoid indexing unless deliberately designed.
https://omayatravel.com/accordions-and-toogles/,sitemap,https://omayatravel.com/page-sitemap.xml,200,https://omayatravel.com/accordions-and-toogles/,content page,Accordions & Toogles - Omaya Travel,Donec vel quam vitae nisl posuere efficitur. Suspendisse eget lectus est. Pellentesque vitae maximus turpis. Morbi sodales vestibulum lorem a ultricies.,https://omayatravel.com/accordions-and-toogles/,"follow, index, max-snippet:-1, max-video-preview:-1, max-image-preview:large",Accordions & Toogles,,"Article, BreadcrumbList, ImageObject, ListItem, Organization, Person, TravelAgency, WebPage, WebSite",1,33,https://omayatravel.com/accordions-and-toogles/,https://omayatravel.com/accordions-and-toogles/ | https://omayatravel.com/tassili-najjer-national-park-algeria-guide/ | https://omayatravel.com/2026/07/ | https://omayatravel.com/the-complete-visitor-guide-to-rila-monastery/ | https://omayatravel.com/2026/04/ | https://omayatravel.com/ | https://omayatravel.com/tour-item/algeria-desert-expedition-tadrart-rouge/ | https://omayatravel.com/tour-item/bulgaria-trip/ | https://omayatravel.com/tour-item/safari-tour/ | https://omayatravel.com/tour-item/morocco-tour/ | https://omayatravel.com/classic-tours/ | https://omayatravel.com/women-only-tours/,https://www.facebook.com/tr?id=1606463407092899&ev=PageView&noscript=1 (alt: facebook) | https://i0.wp.com/omayatravel.com/wp-content/uploads/2018/02/logo-sidearea-1.png?fit=162%2C52&ssl=1 (alt: logo) | https://i0.wp.com/omayatravel.com/wp-content/uploads/2026/07/Algeria-Tassili-National-Park.webp?resize=150%2C150&ssl=1 (alt: Algeria Tassili n'Ajjer Desert Expedition) | https://i0.wp.com/omayatravel.com/wp-content/uploads/2026/04/Rila-Monastery-Article-2-Opt.webp?resize=150%2C150&ssl=1 (alt: MISSING) | https://omayatravel.com/wp-content/uploads/2026/04/Black_logo-e1781169999413.webp (alt: logo),/accordions-and-toogles/,keep or redirect,medium,Route architecture should decide whether to preserve slug or consolidate.
https://omayatravel.com/april-2027/,"internal crawl, sitemap",https://omayatravel.com/page-sitemap.xml,200,https://omayatravel.com/april-2027/,content page,April 2027 - Omaya Travel,,https://omayatravel.com/april-2027/,"index, follow, max-snippet:-1, max-video-preview:-1, max-image-preview:large",,,"Article, BreadcrumbList, ImageObject, ListItem, Organization, Person, TravelAgency, WebPage, WebSite",1,35,https://omayatravel.com/april-2027/,https://omayatravel.com/april-2027/ | https://omayatravel.com/tassili-najjer-national-park-algeria-guide/ | https://omayatravel.com/2026/07/ | https://omayatravel.com/the-complete-visitor-guide-to-rila-monastery/ | https://omayatravel.com/2026/04/ | https://omayatravel.com/ | https://omayatravel.com/tour-item/algeria-desert-expedition-tadrart-rouge/ | https://omayatravel.com/tour-item/bulgaria-trip/ | https://omayatravel.com/tour-item/safari-tour/ | https://omayatravel.com/tour-item/morocco-tour/ | https://omayatravel.com/classic-tours/ | https://omayatravel.com/women-only-tours/,https://www.facebook.com/tr?id=1606463407092899&ev=PageView&noscript=1 (alt: facebook) | https://i0.wp.com/omayatravel.com/wp-content/uploads/2018/02/logo-sidearea-1.png?fit=162%2C52&ssl=1 (alt: logo) | https://i0.wp.com/omayatravel.com/wp-content/uploads/2026/07/Algeria-Tassili-National-Park.webp?resize=150%2C150&ssl=1 (alt: Algeria Tassili n'Ajjer Desert Expedition) | https://i0.wp.com/omayatravel.com/wp-content/uploads/2026/04/Rila-Monastery-Article-2-Opt.webp?resize=150%2C150&ssl=1 (alt: MISSING) | https://omayatravel.com/wp-content/uploads/2026/04/Black_logo-e1781169999413.webp (alt: logo),/april-2027/,keep or redirect,medium,Route architecture should decide whether to preserve slug or consolidate.
https://omayatravel.com/april-2027/?preview_id=3871&preview_nonce=59caf4a772&_thumbnail_id=-1&preview=true,internal crawl,,403,https://omayatravel.com/april-2027/?preview_id=3871&preview_nonce=59caf4a772&_thumbnail_id=-1&preview=true,content page,WordPress › Error,,,"max-image-preview:large, noindex, follow",,,,1,0,https://omayatravel.com/calendar-2027/,,,/april-2027/,noindex,low,Query/filter URL discovered; avoid indexing unless deliberately designed.
https://omayatravel.com/august-2027/,"internal crawl, sitemap",https://omayatravel.com/page-sitemap.xml,200,https://omayatravel.com/august-2027/,content page,August 2027 - Omaya Travel,,https://omayatravel.com/august-2027/,"index, follow, max-snippet:-1, max-video-preview:-1, max-image-preview:large",,,"Article, BreadcrumbList, ImageObject, ListItem, Organization, Person, TravelAgency, WebPage, WebSite",1,35,https://omayatravel.com/august-2027/,https://omayatravel.com/august-2027/ | https://omayatravel.com/tassili-najjer-national-park-algeria-guide/ | https://omayatravel.com/2026/07/ | https://omayatravel.com/the-complete-visitor-guide-to-rila-monastery/ | https://omayatravel.com/2026/04/ | https://omayatravel.com/ | https://omayatravel.com/tour-item/algeria-desert-expedition-tadrart-rouge/ | https://omayatravel.com/tour-item/bulgaria-trip/ | https://omayatravel.com/tour-item/safari-tour/ | https://omayatravel.com/tour-item/morocco-tour/ | https://omayatravel.com/classic-tours/ | https://omayatravel.com/women-only-tours/,https://www.facebook.com/tr?id=1606463407092899&ev=PageView&noscript=1 (alt: facebook) | https://i0.wp.com/omayatravel.com/wp-content/uploads/2018/02/logo-sidearea-1.png?fit=162%2C52&ssl=1 (alt: logo) | https://i0.wp.com/omayatravel.com/wp-content/uploads/2026/07/Algeria-Tassili-National-Park.webp?resize=150%2C150&ssl=1 (alt: Algeria Tassili n'Ajjer Desert Expedition) | https://i0.wp.com/omayatravel.com/wp-content/uploads/2026/04/Rila-Monastery-Article-2-Opt.webp?resize=150%2C150&ssl=1 (alt: MISSING) | https://omayatravel.com/wp-content/uploads/2026/04/Black_logo-e1781169999413.webp (alt: logo),/august-2027/,keep or redirect,medium,Route architecture should decide whether to preserve slug or consolidate.
https://omayatravel.com/august-2027/?preview=true,internal crawl,,200,https://omayatravel.com/august-2027/?preview=true,content page,August 2027 - Omaya Travel,,https://omayatravel.com/august-2027/,"index, follow, max-snippet:-1, max-video-preview:-1, max-image-preview:large",,,"Article, BreadcrumbList, ImageObject, ListItem, Organization, Person, TravelAgency, WebPage, WebSite",2,35,https://omayatravel.com/calendar-2027/ | https://omayatravel.com/august-2027/?preview=true,https://omayatravel.com/august-2027/?preview=true | https://omayatravel.com/tassili-najjer-national-park-algeria-guide/ | https://omayatravel.com/2026/07/ | https://omayatravel.com/the-complete-visitor-guide-to-rila-monastery/ | https://omayatravel.com/2026/04/ | https://omayatravel.com/ | https://omayatravel.com/tour-item/algeria-desert-expedition-tadrart-rouge/ | https://omayatravel.com/tour-item/bulgaria-trip/ | https://omayatravel.com/tour-item/safari-tour/ | https://omayatravel.com/tour-item/morocco-tour/ | https://omayatravel.com/classic-tours/ | https://omayatravel.com/women-only-tours/,https://www.facebook.com/tr?id=1606463407092899&ev=PageView&noscript=1 (alt: facebook) | https://i0.wp.com/omayatravel.com/wp-content/uploads/2018/02/logo-sidearea-1.png?fit=162%2C52&ssl=1 (alt: logo) | https://i0.wp.com/omayatravel.com/wp-content/uploads/2026/07/Algeria-Tassili-National-Park.webp?resize=150%2C150&ssl=1 (alt: Algeria Tassili n'Ajjer Desert Expedition) | https://i0.wp.com/omayatravel.com/wp-content/uploads/2026/04/Rila-Monastery-Article-2-Opt.webp?resize=150%2C150&ssl=1 (alt: MISSING) | https://omayatravel.com/wp-content/uploads/2026/04/Black_logo-e1781169999413.webp (alt: logo),/august-2027/,noindex,low,Query/filter URL discovered; avoid indexing unless deliberately designed.
https://omayatravel.com/blockquote/,sitemap,https://omayatravel.com/page-sitemap.xml,200,https://omayatravel.com/blockquote/,content page,Blockquote - Omaya Travel,"Lorem ipsum dolor sit amet, consectetur adipiscing elit. Duis eu nisi sit amet dui pharetra aliquam. Nunc mattis orci atlor em aliquet, ut lacinia risus",https://omayatravel.com/blockquote/,"follow, index, max-snippet:-1, max-video-preview:-1, max-image-preview:large",Blockquote,,"Article, BreadcrumbList, ImageObject, ListItem, Organization, Person, TravelAgency, WebPage, WebSite",1,33,https://omayatravel.com/blockquote/,https://omayatravel.com/blockquote/ | https://omayatravel.com/tassili-najjer-national-park-algeria-guide/ | https://omayatravel.com/2026/07/ | https://omayatravel.com/the-complete-visitor-guide-to-rila-monastery/ | https://omayatravel.com/2026/04/ | https://omayatravel.com/ | https://omayatravel.com/tour-item/algeria-desert-expedition-tadrart-rouge/ | https://omayatravel.com/tour-item/bulgaria-trip/ | https://omayatravel.com/tour-item/safari-tour/ | https://omayatravel.com/tour-item/morocco-tour/ | https://omayatravel.com/classic-tours/ | https://omayatravel.com/women-only-tours/,https://www.facebook.com/tr?id=1606463407092899&ev=PageView&noscript=1 (alt: facebook) | https://i0.wp.com/omayatravel.com/wp-content/uploads/2018/02/logo-sidearea-1.png?fit=162%2C52&ssl=1 (alt: logo) | https://i0.wp.com/omayatravel.com/wp-content/uploads/2026/07/Algeria-Tassili-National-Park.webp?resize=150%2C150&ssl=1 (alt: Algeria Tassili n'Ajjer Desert Expedition) | https://i0.wp.com/omayatravel.com/wp-content/uploads/2026/04/Rila-Monastery-Article-2-Opt.webp?resize=150%2C150&ssl=1 (alt: MISSING) | https://omayatravel.com/wp-content/uploads/2026/04/Black_logo-e1781169999413.webp (alt: logo),/blockquote/,keep or redirect,medium,Route architecture should decide whether to preserve slug or consolidate.
https://omayatravel.com/blog-list-2/,"internal crawl, navigation/home crawl, sitemap",https://omayatravel.com/page-sitemap.xml,200,https://omayatravel.com/blog-list-2/,blog/article,Blog List - Omaya Travel,,https://omayatravel.com/blog-list-2/,"follow, index, max-snippet:-1, max-video-preview:-1, max-image-preview:large",Blog List,,"Article, BreadcrumbList, ImageObject, ListItem, Organization, Person, TravelAgency, WebPage, WebSite",124,36,https://omayatravel.com/tabs/ | https://omayatravel.com/10-unmissable-places-to-visit-on-your-bulgaria-trip/ | https://omayatravel.com/checkout/ | https://omayatravel.com/wp-booking-calendar-time-appointments/ | https://omayatravel.com/countdown/ | https://omayatravel.com/tour-list-masonry/ | https://omayatravel.com/ | https://omayatravel.com/cookie-policy/ | https://omayatravel.com/dmc-partner-bulgaria/ | https://omayatravel.com/tour-carousel/ | https://omayatravel.com/2026/07/ | https://omayatravel.com/checkout-2/,https://omayatravel.com/blog-list-2/ | https://omayatravel.com/tassili-najjer-national-park-algeria-guide/ | https://omayatravel.com/2026/07/ | https://omayatravel.com/the-complete-visitor-guide-to-rila-monastery/ | https://omayatravel.com/2026/04/ | https://omayatravel.com/ | https://omayatravel.com/tour-item/algeria-desert-expedition-tadrart-rouge/ | https://omayatravel.com/tour-item/bulgaria-trip/ | https://omayatravel.com/tour-item/safari-tour/ | https://omayatravel.com/tour-item/morocco-tour/ | https://omayatravel.com/classic-tours/ | https://omayatravel.com/women-only-tours/,https://www.facebook.com/tr?id=1606463407092899&ev=PageView&noscript=1 (alt: facebook) | https://i0.wp.com/omayatravel.com/wp-content/uploads/2018/02/logo-sidearea-1.png?fit=162%2C52&ssl=1 (alt: logo) | https://i0.wp.com/omayatravel.com/wp-content/uploads/2026/07/Algeria-Tassili-National-Park.webp?resize=150%2C150&ssl=1 (alt: Algeria Tassili n'Ajjer Desert Expedition) | https://i0.wp.com/omayatravel.com/wp-content/uploads/2026/04/Rila-Monastery-Article-2-Opt.webp?resize=150%2C150&ssl=1 (alt: MISSING) | https://omayatravel.com/wp-content/uploads/2026/04/Black_logo-e1781169999413.webp (alt: logo),/blog-list-2/,keep or redirect,high,Preserve article slug where practical; redirect if blog architecture changes.
https://omayatravel.com/blog-list/,sitemap,https://omayatravel.com/page-sitemap.xml,200,https://omayatravel.com/blog-list/,blog/article,Blog List - Omaya Travel,,https://omayatravel.com/blog-list/,"follow, index, max-snippet:-1, max-video-preview:-1, max-image-preview:large",Blog List,,"Article, BreadcrumbList, ImageObject, ListItem, Organization, Person, TravelAgency, WebPage, WebSite",1,36,https://omayatravel.com/blog-list/,https://omayatravel.com/blog-list/ | https://omayatravel.com/tassili-najjer-national-park-algeria-guide/ | https://omayatravel.com/2026/07/ | https://omayatravel.com/the-complete-visitor-guide-to-rila-monastery/ | https://omayatravel.com/2026/04/ | https://omayatravel.com/ | https://omayatravel.com/tour-item/algeria-desert-expedition-tadrart-rouge/ | https://omayatravel.com/tour-item/bulgaria-trip/ | https://omayatravel.com/tour-item/safari-tour/ | https://omayatravel.com/tour-item/morocco-tour/ | https://omayatravel.com/classic-tours/ | https://omayatravel.com/women-only-tours/,https://www.facebook.com/tr?id=1606463407092899&ev=PageView&noscript=1 (alt: facebook) | https://i0.wp.com/omayatravel.com/wp-content/uploads/2018/02/logo-sidearea-1.png?fit=162%2C52&ssl=1 (alt: logo) | https://i0.wp.com/omayatravel.com/wp-content/uploads/2026/07/Algeria-Tassili-National-Park.webp?resize=150%2C150&ssl=1 (alt: Algeria Tassili n'Ajjer Desert Expedition) | https://i0.wp.com/omayatravel.com/wp-content/uploads/2026/04/Rila-Monastery-Article-2-Opt.webp?resize=150%2C150&ssl=1 (alt: MISSING) | https://omayatravel.com/wp-content/uploads/2026/04/Black_logo-e1781169999413.webp (alt: logo),/blog-list/,keep or redirect,high,Preserve article slug where practical; redirect if blog architecture changes.
https://omayatravel.com/blog-masonry/,"internal crawl, sitemap",https://omayatravel.com/page-sitemap.xml,200,https://omayatravel.com/blog-masonry/,blog/article,Blog Masonry - Omaya Travel,,https://omayatravel.com/blog-masonry/,"follow, index, max-snippet:-1, max-video-preview:-1, max-image-preview:large",Blog Masonry,,"Article, BreadcrumbList, ImageObject, ListItem, Organization, Person, TravelAgency, WebPage, WebSite",1,36,https://omayatravel.com/blog-masonry/,https://omayatravel.com/blog-masonry/ | https://omayatravel.com/tassili-najjer-national-park-algeria-guide/ | https://omayatravel.com/2026/07/ | https://omayatravel.com/the-complete-visitor-guide-to-rila-monastery/ | https://omayatravel.com/2026/04/ | https://omayatravel.com/ | https://omayatravel.com/tour-item/algeria-desert-expedition-tadrart-rouge/ | https://omayatravel.com/tour-item/bulgaria-trip/ | https://omayatravel.com/tour-item/safari-tour/ | https://omayatravel.com/tour-item/morocco-tour/ | https://omayatravel.com/classic-tours/ | https://omayatravel.com/women-only-tours/,https://www.facebook.com/tr?id=1606463407092899&ev=PageView&noscript=1 (alt: facebook) | https://i0.wp.com/omayatravel.com/wp-content/uploads/2018/02/logo-sidearea-1.png?fit=162%2C52&ssl=1 (alt: logo) | https://i0.wp.com/omayatravel.com/wp-content/uploads/2026/07/Algeria-Tassili-National-Park.webp?resize=150%2C150&ssl=1 (alt: Algeria Tassili n'Ajjer Desert Expedition) | https://i0.wp.com/omayatravel.com/wp-content/uploads/2026/04/Rila-Monastery-Article-2-Opt.webp?resize=150%2C150&ssl=1 (alt: MISSING) | https://omayatravel.com/wp-content/uploads/2026/04/Black_logo-e1781169999413.webp (alt: logo),/blog-masonry/,keep or redirect,high,Preserve article slug where practical; redirect if blog architecture changes.
https://omayatravel.com/buttons/,sitemap,https://omayatravel.com/page-sitemap.xml,200,https://omayatravel.com/buttons/,content page,Buttons - Omaya Travel,"Lorem ipsum dolor sit amet, consectetuer adipus iscing elit. Aenean commodo ligula eget dolorum. Aenean massa. Cum sociis Theme natoque pen atibus et magnis",https://omayatravel.com/buttons/,"follow, index, max-snippet:-1, max-video-preview:-1, max-image-preview:large",Buttons,,"Article, BreadcrumbList, ImageObject, ListItem, Organization, Person, TravelAgency, WebPage, WebSite",1,33,https://omayatravel.com/buttons/,https://omayatravel.com/buttons/ | https://omayatravel.com/tassili-najjer-national-park-algeria-guide/ | https://omayatravel.com/2026/07/ | https://omayatravel.com/the-complete-visitor-guide-to-rila-monastery/ | https://omayatravel.com/2026/04/ | https://omayatravel.com/ | https://omayatravel.com/tour-item/algeria-desert-expedition-tadrart-rouge/ | https://omayatravel.com/tour-item/bulgaria-trip/ | https://omayatravel.com/tour-item/safari-tour/ | https://omayatravel.com/tour-item/morocco-tour/ | https://omayatravel.com/classic-tours/ | https://omayatravel.com/women-only-tours/,https://www.facebook.com/tr?id=1606463407092899&ev=PageView&noscript=1 (alt: facebook) | https://i0.wp.com/omayatravel.com/wp-content/uploads/2018/02/logo-sidearea-1.png?fit=162%2C52&ssl=1 (alt: logo) | https://i0.wp.com/omayatravel.com/wp-content/uploads/2026/07/Algeria-Tassili-National-Park.webp?resize=150%2C150&ssl=1 (alt: Algeria Tassili n'Ajjer Desert Expedition) | https://i0.wp.com/omayatravel.com/wp-content/uploads/2026/04/Rila-Monastery-Article-2-Opt.webp?resize=150%2C150&ssl=1 (alt: MISSING) | https://omayatravel.com/wp-content/uploads/2026/04/Black_logo-e1781169999413.webp (alt: logo),/buttons/,keep or redirect,medium,Route architecture should decide whether to preserve slug or consolidate.
https://omayatravel.com/calendar-2027/,"internal crawl, navigation/home crawl, sitemap",https://omayatravel.com/page-sitemap.xml,200,https://omayatravel.com/calendar-2027/,content page,Calendar 2027 - Omaya Travel,,https://omayatravel.com/calendar-2027/,"follow, index, max-snippet:-1, max-video-preview:-1, max-image-preview:large",Calendar 2027,,"Article, BreadcrumbList, ImageObject, ListItem, Organization, Person, TravelAgency, WebPage, WebSite",124,38,https://omayatravel.com/tabs/ | https://omayatravel.com/10-unmissable-places-to-visit-on-your-bulgaria-trip/ | https://omayatravel.com/checkout/ | https://omayatravel.com/wp-booking-calendar-time-appointments/ | https://omayatravel.com/countdown/ | https://omayatravel.com/tour-list-masonry/ | https://omayatravel.com/ | https://omayatravel.com/cookie-policy/ | https://omayatravel.com/dmc-partner-bulgaria/ | https://omayatravel.com/tour-carousel/ | https://omayatravel.com/2026/07/ | https://omayatravel.com/checkout-2/,https://omayatravel.com/calendar-2027/ | https://omayatravel.com/tassili-najjer-national-park-algeria-guide/ | https://omayatravel.com/2026/07/ | https://omayatravel.com/the-complete-visitor-guide-to-rila-monastery/ | https://omayatravel.com/2026/04/ | https://omayatravel.com/ | https://omayatravel.com/tour-item/algeria-desert-expedition-tadrart-rouge/ | https://omayatravel.com/tour-item/bulgaria-trip/ | https://omayatravel.com/tour-item/safari-tour/ | https://omayatravel.com/tour-item/morocco-tour/ | https://omayatravel.com/classic-tours/ | https://omayatravel.com/women-only-tours/,https://www.facebook.com/tr?id=1606463407092899&ev=PageView&noscript=1 (alt: facebook) | https://i0.wp.com/omayatravel.com/wp-content/uploads/2018/02/logo-sidearea-1.png?fit=162%2C52&ssl=1 (alt: logo) | https://i0.wp.com/omayatravel.com/wp-content/uploads/2026/07/Algeria-Tassili-National-Park.webp?resize=150%2C150&ssl=1 (alt: Algeria Tassili n'Ajjer Desert Expedition) | https://i0.wp.com/omayatravel.com/wp-content/uploads/2026/04/Rila-Monastery-Article-2-Opt.webp?resize=150%2C150&ssl=1 (alt: MISSING) | https://omayatravel.com/wp-content/uploads/2026/04/Black_logo-e1781169999413.webp (alt: logo),/calendar-2027/,keep or redirect,medium,Route architecture should decide whether to preserve slug or consolidate.
https://omayatravel.com/calendar/,"internal crawl, navigation/home crawl, sitemap",https://omayatravel.com/page-sitemap.xml,200,https://omayatravel.com/calendar/,content page,Calendar 2026 - Omaya Travel,,https://omayatravel.com/calendar/,"follow, index, max-snippet:-1, max-video-preview:-1, max-image-preview:large",Calendar 2026,,"Article, BreadcrumbList, ImageObject, ListItem, Organization, Person, TravelAgency, WebPage, WebSite",124,37,https://omayatravel.com/tabs/ | https://omayatravel.com/10-unmissable-places-to-visit-on-your-bulgaria-trip/ | https://omayatravel.com/checkout/ | https://omayatravel.com/wp-booking-calendar-time-appointments/ | https://omayatravel.com/countdown/ | https://omayatravel.com/tour-list-masonry/ | https://omayatravel.com/ | https://omayatravel.com/cookie-policy/ | https://omayatravel.com/dmc-partner-bulgaria/ | https://omayatravel.com/tour-carousel/ | https://omayatravel.com/2026/07/ | https://omayatravel.com/checkout-2/,https://omayatravel.com/calendar/ | https://omayatravel.com/tassili-najjer-national-park-algeria-guide/ | https://omayatravel.com/2026/07/ | https://omayatravel.com/the-complete-visitor-guide-to-rila-monastery/ | https://omayatravel.com/2026/04/ | https://omayatravel.com/ | https://omayatravel.com/tour-item/algeria-desert-expedition-tadrart-rouge/ | https://omayatravel.com/tour-item/bulgaria-trip/ | https://omayatravel.com/tour-item/safari-tour/ | https://omayatravel.com/tour-item/morocco-tour/ | https://omayatravel.com/classic-tours/ | https://omayatravel.com/women-only-tours/,https://www.facebook.com/tr?id=1606463407092899&ev=PageView&noscript=1 (alt: facebook) | https://i0.wp.com/omayatravel.com/wp-content/uploads/2018/02/logo-sidearea-1.png?fit=162%2C52&ssl=1 (alt: logo) | https://i0.wp.com/omayatravel.com/wp-content/uploads/2026/07/Algeria-Tassili-National-Park.webp?resize=150%2C150&ssl=1 (alt: Algeria Tassili n'Ajjer Desert Expedition) | https://i0.wp.com/omayatravel.com/wp-content/uploads/2026/04/Rila-Monastery-Article-2-Opt.webp?resize=150%2C150&ssl=1 (alt: MISSING) | https://omayatravel.com/wp-content/uploads/2026/04/Black_logo-e1781169999413.webp (alt: logo),/calendar/,keep or redirect,medium,Route architecture should decide whether to preserve slug or consolidate.
https://omayatravel.com/calendar/destination-list-shortcode-2/,"internal crawl, sitemap",https://omayatravel.com/page-sitemap.xml,200,https://omayatravel.com/calendar/destination-list-shortcode-2/,content page,Destination List - Omaya Travel,,https://omayatravel.com/calendar/destination-list-shortcode-2/,"follow, index, max-snippet:-1, max-video-preview:-1, max-image-preview:large",Destination List,Bulgaria | Morocco | Kyrgyzstan,"Article, BreadcrumbList, ImageObject, ListItem, Organization, Person, TravelAgency, WebPage, WebSite",1,36,https://omayatravel.com/calendar/destination-list-shortcode-2/,https://omayatravel.com/calendar/destination-list-shortcode-2/ | https://omayatravel.com/tassili-najjer-national-park-algeria-guide/ | https://omayatravel.com/2026/07/ | https://omayatravel.com/the-complete-visitor-guide-to-rila-monastery/ | https://omayatravel.com/2026/04/ | https://omayatravel.com/ | https://omayatravel.com/tour-item/algeria-desert-expedition-tadrart-rouge/ | https://omayatravel.com/tour-item/bulgaria-trip/ | https://omayatravel.com/tour-item/safari-tour/ | https://omayatravel.com/tour-item/morocco-tour/ | https://omayatravel.com/classic-tours/ | https://omayatravel.com/women-only-tours/,https://www.facebook.com/tr?id=1606463407092899&ev=PageView&noscript=1 (alt: facebook) | https://i0.wp.com/omayatravel.com/wp-content/uploads/2018/02/logo-sidearea-1.png?fit=162%2C52&ssl=1 (alt: logo) | https://i0.wp.com/omayatravel.com/wp-content/uploads/2026/07/Algeria-Tassili-National-Park.webp?resize=150%2C150&ssl=1 (alt: Algeria Tassili n'Ajjer Desert Expedition) | https://i0.wp.com/omayatravel.com/wp-content/uploads/2026/04/Rila-Monastery-Article-2-Opt.webp?resize=150%2C150&ssl=1 (alt: MISSING) | https://omayatravel.com/wp-content/uploads/2026/04/Black_logo-e1781169999413.webp (alt: logo),/calendar/destination-list-shortcode-2/,keep or redirect,medium,Route architecture should decide whether to preserve slug or consolidate.
https://omayatravel.com/call-to-action/,"internal crawl, sitemap",https://omayatravel.com/page-sitemap.xml,200,https://omayatravel.com/call-to-action/,content page,Call To Action - Omaya Travel,Lorem ipsum dolor sit amet consectetur adipiscing. Lorem ipsum dolor sit amet consectetur adipiscing. Lorem ipsum dolor sit amet consectetur adipiscing. Lorem,https://omayatravel.com/call-to-action/,"follow, index, max-snippet:-1, max-video-preview:-1, max-image-preview:large",Call To Action,,"Article, BreadcrumbList, ImageObject, ListItem, Organization, Person, TravelAgency, WebPage, WebSite",1,33,https://omayatravel.com/call-to-action/,https://omayatravel.com/call-to-action/ | https://omayatravel.com/tassili-najjer-national-park-algeria-guide/ | https://omayatravel.com/2026/07/ | https://omayatravel.com/the-complete-visitor-guide-to-rila-monastery/ | https://omayatravel.com/2026/04/ | https://omayatravel.com/ | https://omayatravel.com/tour-item/algeria-desert-expedition-tadrart-rouge/ | https://omayatravel.com/tour-item/bulgaria-trip/ | https://omayatravel.com/tour-item/safari-tour/ | https://omayatravel.com/tour-item/morocco-tour/ | https://omayatravel.com/classic-tours/ | https://omayatravel.com/women-only-tours/,https://www.facebook.com/tr?id=1606463407092899&ev=PageView&noscript=1 (alt: facebook) | https://i0.wp.com/omayatravel.com/wp-content/uploads/2018/02/logo-sidearea-1.png?fit=162%2C52&ssl=1 (alt: logo) | https://i0.wp.com/omayatravel.com/wp-content/uploads/2026/07/Algeria-Tassili-National-Park.webp?resize=150%2C150&ssl=1 (alt: Algeria Tassili n'Ajjer Desert Expedition) | https://i0.wp.com/omayatravel.com/wp-content/uploads/2026/04/Rila-Monastery-Article-2-Opt.webp?resize=150%2C150&ssl=1 (alt: MISSING) | https://omayatravel.com/wp-content/uploads/2026/04/Black_logo-e1781169999413.webp (alt: logo),/call-to-action/,keep or redirect,medium,Route architecture should decide whether to preserve slug or consolidate.
https://omayatravel.com/cart-2/,sitemap,https://omayatravel.com/page-sitemap.xml,200,https://omayatravel.com/cart-2/,content page,Cart - Omaya Travel,[woocommerce_cart],https://omayatravel.com/cart-2/,"follow, index, max-snippet:-1, max-video-preview:-1, max-image-preview:large",Cart,,"Article, BreadcrumbList, ImageObject, ListItem, Organization, Person, TravelAgency, WebPage, WebSite",1,33,https://omayatravel.com/cart-2/,https://omayatravel.com/cart-2/ | https://omayatravel.com/tassili-najjer-national-park-algeria-guide/ | https://omayatravel.com/2026/07/ | https://omayatravel.com/the-complete-visitor-guide-to-rila-monastery/ | https://omayatravel.com/2026/04/ | https://omayatravel.com/ | https://omayatravel.com/tour-item/algeria-desert-expedition-tadrart-rouge/ | https://omayatravel.com/tour-item/bulgaria-trip/ | https://omayatravel.com/tour-item/safari-tour/ | https://omayatravel.com/tour-item/morocco-tour/ | https://omayatravel.com/classic-tours/ | https://omayatravel.com/women-only-tours/,https://www.facebook.com/tr?id=1606463407092899&ev=PageView&noscript=1 (alt: facebook) | https://i0.wp.com/omayatravel.com/wp-content/uploads/2018/02/logo-sidearea-1.png?fit=162%2C52&ssl=1 (alt: logo) | https://i0.wp.com/omayatravel.com/wp-content/uploads/2026/07/Algeria-Tassili-National-Park.webp?resize=150%2C150&ssl=1 (alt: Algeria Tassili n'Ajjer Desert Expedition) | https://i0.wp.com/omayatravel.com/wp-content/uploads/2026/04/Rila-Monastery-Article-2-Opt.webp?resize=150%2C150&ssl=1 (alt: MISSING) | https://omayatravel.com/wp-content/uploads/2026/04/Black_logo-e1781169999413.webp (alt: logo),/cart-2/,keep or redirect,medium,Route architecture should decide whether to preserve slug or consolidate.
https://omayatravel.com/cart/,"internal crawl, sitemap",https://omayatravel.com/page-sitemap.xml,200,https://omayatravel.com/cart/,content page,Cart - Omaya Travel,You may be interested in… Your cart is currently empty! New in store,https://omayatravel.com/cart/,"follow, index, max-snippet:-1, max-video-preview:-1, max-image-preview:large",Cart,You may be interested in… | Cart | Your cart is currently empty! | New in store,"Article, BreadcrumbList, ImageObject, ListItem, Organization, Person, TravelAgency, WebPage, WebSite",1,33,https://omayatravel.com/cart/,https://omayatravel.com/cart/ | https://omayatravel.com/tassili-najjer-national-park-algeria-guide/ | https://omayatravel.com/2026/07/ | https://omayatravel.com/the-complete-visitor-guide-to-rila-monastery/ | https://omayatravel.com/2026/04/ | https://omayatravel.com/ | https://omayatravel.com/tour-item/algeria-desert-expedition-tadrart-rouge/ | https://omayatravel.com/tour-item/bulgaria-trip/ | https://omayatravel.com/tour-item/safari-tour/ | https://omayatravel.com/tour-item/morocco-tour/ | https://omayatravel.com/classic-tours/ | https://omayatravel.com/women-only-tours/,https://www.facebook.com/tr?id=1606463407092899&ev=PageView&noscript=1 (alt: facebook) | https://i0.wp.com/omayatravel.com/wp-content/uploads/2018/02/logo-sidearea-1.png?fit=162%2C52&ssl=1 (alt: logo) | https://i0.wp.com/omayatravel.com/wp-content/uploads/2026/07/Algeria-Tassili-National-Park.webp?resize=150%2C150&ssl=1 (alt: Algeria Tassili n'Ajjer Desert Expedition) | https://i0.wp.com/omayatravel.com/wp-content/uploads/2026/04/Rila-Monastery-Article-2-Opt.webp?resize=150%2C150&ssl=1 (alt: MISSING) | https://omayatravel.com/wp-content/uploads/2026/04/Black_logo-e1781169999413.webp (alt: logo),/cart/,keep or redirect,medium,Route architecture should decide whether to preserve slug or consolidate.
https://omayatravel.com/category/travel/,navigation/home crawl,,200,https://omayatravel.com/category/travel/,taxonomy/archive,Travel Archives - Omaya Travel,,,"noindex, follow",Travel,,"BreadcrumbList, CollectionPage, ImageObject, ListItem, TravelAgency, WebSite",124,35,https://omayatravel.com/tabs/ | https://omayatravel.com/10-unmissable-places-to-visit-on-your-bulgaria-trip/ | https://omayatravel.com/checkout/ | https://omayatravel.com/wp-booking-calendar-time-appointments/ | https://omayatravel.com/countdown/ | https://omayatravel.com/tour-list-masonry/ | https://omayatravel.com/ | https://omayatravel.com/cookie-policy/ | https://omayatravel.com/dmc-partner-bulgaria/ | https://omayatravel.com/tour-carousel/ | https://omayatravel.com/2026/07/ | https://omayatravel.com/checkout-2/,https://omayatravel.com/category/travel/ | https://omayatravel.com/tassili-najjer-national-park-algeria-guide/ | https://omayatravel.com/2026/07/ | https://omayatravel.com/the-complete-visitor-guide-to-rila-monastery/ | https://omayatravel.com/2026/04/ | https://omayatravel.com/ | https://omayatravel.com/tour-item/algeria-desert-expedition-tadrart-rouge/ | https://omayatravel.com/tour-item/bulgaria-trip/ | https://omayatravel.com/tour-item/safari-tour/ | https://omayatravel.com/tour-item/morocco-tour/ | https://omayatravel.com/classic-tours/ | https://omayatravel.com/women-only-tours/,https://www.facebook.com/tr?id=1606463407092899&ev=PageView&noscript=1 (alt: facebook) | https://i0.wp.com/omayatravel.com/wp-content/uploads/2018/02/logo-sidearea-1.png?fit=162%2C52&ssl=1 (alt: logo) | https://i0.wp.com/omayatravel.com/wp-content/uploads/2026/07/Algeria-Tassili-National-Park.webp?resize=150%2C150&ssl=1 (alt: Algeria Tassili n'Ajjer Desert Expedition) | https://i0.wp.com/omayatravel.com/wp-content/uploads/2026/04/Rila-Monastery-Article-2-Opt.webp?resize=150%2C150&ssl=1 (alt: MISSING) | https://omayatravel.com/wp-content/uploads/2026/04/Black_logo-e1781169999413.webp (alt: logo),/category/travel/,noindex,low,Current page declares noindex.
https://omayatravel.com/category/uncategorized/,internal crawl,,200,https://omayatravel.com/category/uncategorized/,taxonomy/archive,Uncategorized Archives - Omaya Travel,,https://omayatravel.com/category/uncategorized/,"index, follow, max-snippet:-1, max-video-preview:-1, max-image-preview:large",Uncategorized,,"BreadcrumbList, CollectionPage, ImageObject, ListItem, TravelAgency, WebSite",9,36,https://omayatravel.com/2026/02/ | https://omayatravel.com/2026/04/ | https://omayatravel.com/10-unmissable-places-to-visit-on-your-bulgaria-trip/ | https://omayatravel.com/category/uncategorized/ | https://omayatravel.com/2026/07/ | https://omayatravel.com/the-complete-visitor-guide-to-rila-monastery/ | https://omayatravel.com/blog-list-2/ | https://omayatravel.com/tassili-najjer-national-park-algeria-guide/ | https://omayatravel.com/how-to-visit-song-kul-lake-in-kyrgyzstan/,https://omayatravel.com/category/uncategorized/ | https://omayatravel.com/tassili-najjer-national-park-algeria-guide/ | https://omayatravel.com/2026/07/ | https://omayatravel.com/the-complete-visitor-guide-to-rila-monastery/ | https://omayatravel.com/2026/04/ | https://omayatravel.com/ | https://omayatravel.com/tour-item/algeria-desert-expedition-tadrart-rouge/ | https://omayatravel.com/tour-item/bulgaria-trip/ | https://omayatravel.com/tour-item/safari-tour/ | https://omayatravel.com/tour-item/morocco-tour/ | https://omayatravel.com/classic-tours/ | https://omayatravel.com/women-only-tours/,https://www.facebook.com/tr?id=1606463407092899&ev=PageView&noscript=1 (alt: facebook) | https://i0.wp.com/omayatravel.com/wp-content/uploads/2018/02/logo-sidearea-1.png?fit=162%2C52&ssl=1 (alt: logo) | https://i0.wp.com/omayatravel.com/wp-content/uploads/2026/07/Algeria-Tassili-National-Park.webp?resize=150%2C150&ssl=1 (alt: Algeria Tassili n'Ajjer Desert Expedition) | https://i0.wp.com/omayatravel.com/wp-content/uploads/2026/04/Rila-Monastery-Article-2-Opt.webp?resize=150%2C150&ssl=1 (alt: MISSING) | https://omayatravel.com/wp-content/uploads/2026/04/Black_logo-e1781169999413.webp (alt: logo),/category/uncategorized/,consolidate,medium,Archive/taxonomy intent should be reviewed before indexing in Angular.
https://omayatravel.com/checkout-2/,sitemap,https://omayatravel.com/page-sitemap.xml,200,https://omayatravel.com/checkout-2/,content page,Checkout - Omaya Travel,[woocommerce_checkout],https://omayatravel.com/checkout-2/,"follow, index, max-snippet:-1, max-video-preview:-1, max-image-preview:large",Checkout,,"Article, BreadcrumbList, ImageObject, ListItem, Organization, Person, TravelAgency, WebPage, WebSite",1,33,https://omayatravel.com/checkout-2/,https://omayatravel.com/checkout-2/ | https://omayatravel.com/tassili-najjer-national-park-algeria-guide/ | https://omayatravel.com/2026/07/ | https://omayatravel.com/the-complete-visitor-guide-to-rila-monastery/ | https://omayatravel.com/2026/04/ | https://omayatravel.com/ | https://omayatravel.com/tour-item/algeria-desert-expedition-tadrart-rouge/ | https://omayatravel.com/tour-item/bulgaria-trip/ | https://omayatravel.com/tour-item/safari-tour/ | https://omayatravel.com/tour-item/morocco-tour/ | https://omayatravel.com/classic-tours/ | https://omayatravel.com/women-only-tours/,https://www.facebook.com/tr?id=1606463407092899&ev=PageView&noscript=1 (alt: facebook) | https://i0.wp.com/omayatravel.com/wp-content/uploads/2018/02/logo-sidearea-1.png?fit=162%2C52&ssl=1 (alt: logo) | https://i0.wp.com/omayatravel.com/wp-content/uploads/2026/07/Algeria-Tassili-National-Park.webp?resize=150%2C150&ssl=1 (alt: Algeria Tassili n'Ajjer Desert Expedition) | https://i0.wp.com/omayatravel.com/wp-content/uploads/2026/04/Rila-Monastery-Article-2-Opt.webp?resize=150%2C150&ssl=1 (alt: MISSING) | https://omayatravel.com/wp-content/uploads/2026/04/Black_logo-e1781169999413.webp (alt: logo),/checkout-2/,keep or redirect,medium,Route architecture should decide whether to preserve slug or consolidate.
https://omayatravel.com/checkout/,"internal crawl, sitemap",https://omayatravel.com/page-sitemap.xml,200,https://omayatravel.com/checkout/,content page,Checkout - Omaya Travel,,https://omayatravel.com/checkout/,"follow, index, max-snippet:-1, max-video-preview:-1, max-image-preview:large",Checkout,,"Article, BreadcrumbList, ImageObject, ListItem, Organization, Person, TravelAgency, WebPage, WebSite",1,33,https://omayatravel.com/checkout/,https://omayatravel.com/checkout/ | https://omayatravel.com/tassili-najjer-national-park-algeria-guide/ | https://omayatravel.com/2026/07/ | https://omayatravel.com/the-complete-visitor-guide-to-rila-monastery/ | https://omayatravel.com/2026/04/ | https://omayatravel.com/ | https://omayatravel.com/tour-item/algeria-desert-expedition-tadrart-rouge/ | https://omayatravel.com/tour-item/bulgaria-trip/ | https://omayatravel.com/tour-item/safari-tour/ | https://omayatravel.com/tour-item/morocco-tour/ | https://omayatravel.com/classic-tours/ | https://omayatravel.com/women-only-tours/,https://www.facebook.com/tr?id=1606463407092899&ev=PageView&noscript=1 (alt: facebook) | https://i0.wp.com/omayatravel.com/wp-content/uploads/2018/02/logo-sidearea-1.png?fit=162%2C52&ssl=1 (alt: logo) | https://i0.wp.com/omayatravel.com/wp-content/uploads/2026/07/Algeria-Tassili-National-Park.webp?resize=150%2C150&ssl=1 (alt: Algeria Tassili n'Ajjer Desert Expedition) | https://i0.wp.com/omayatravel.com/wp-content/uploads/2026/04/Rila-Monastery-Article-2-Opt.webp?resize=150%2C150&ssl=1 (alt: MISSING) | https://omayatravel.com/wp-content/uploads/2026/04/Black_logo-e1781169999413.webp (alt: logo),/checkout/,keep or redirect,medium,Route architecture should decide whether to preserve slug or consolidate.
https://omayatravel.com/classic-tours/,"internal crawl, navigation/home crawl, sitemap",https://omayatravel.com/page-sitemap.xml,200,https://omayatravel.com/classic-tours/,tour/destination candidate,Classic tours - Omaya Travel,,https://omayatravel.com/classic-tours/,"index, follow, max-snippet:-1, max-video-preview:-1, max-image-preview:large",Classic tours,,"Article, BreadcrumbList, ImageObject, ListItem, Organization, Person, TravelAgency, WebPage, WebSite",124,34,https://omayatravel.com/tabs/ | https://omayatravel.com/10-unmissable-places-to-visit-on-your-bulgaria-trip/ | https://omayatravel.com/checkout/ | https://omayatravel.com/wp-booking-calendar-time-appointments/ | https://omayatravel.com/countdown/ | https://omayatravel.com/tour-list-masonry/ | https://omayatravel.com/ | https://omayatravel.com/cookie-policy/ | https://omayatravel.com/dmc-partner-bulgaria/ | https://omayatravel.com/tour-carousel/ | https://omayatravel.com/2026/07/ | https://omayatravel.com/checkout-2/,https://omayatravel.com/classic-tours/ | https://omayatravel.com/tassili-najjer-national-park-algeria-guide/ | https://omayatravel.com/2026/07/ | https://omayatravel.com/the-complete-visitor-guide-to-rila-monastery/ | https://omayatravel.com/2026/04/ | https://omayatravel.com/ | https://omayatravel.com/tour-item/algeria-desert-expedition-tadrart-rouge/ | https://omayatravel.com/tour-item/bulgaria-trip/ | https://omayatravel.com/tour-item/safari-tour/ | https://omayatravel.com/tour-item/morocco-tour/ | https://omayatravel.com/women-only-tours/ | https://omayatravel.com/solo-travellers/?preview=true,https://www.facebook.com/tr?id=1606463407092899&ev=PageView&noscript=1 (alt: facebook) | https://i0.wp.com/omayatravel.com/wp-content/uploads/2018/02/logo-sidearea-1.png?fit=162%2C52&ssl=1 (alt: logo) | https://i0.wp.com/omayatravel.com/wp-content/uploads/2026/07/Algeria-Tassili-National-Park.webp?resize=150%2C150&ssl=1 (alt: Algeria Tassili n'Ajjer Desert Expedition) | https://i0.wp.com/omayatravel.com/wp-content/uploads/2026/04/Rila-Monastery-Article-2-Opt.webp?resize=150%2C150&ssl=1 (alt: MISSING) | https://omayatravel.com/wp-content/uploads/2026/04/Black_logo-e1781169999413.webp (alt: logo),/classic-tours/,keep or redirect,high,"Separate country, destination and tour intent during final route approval."
https://omayatravel.com/clients/,sitemap,https://omayatravel.com/page-sitemap.xml,200,https://omayatravel.com/clients/,content page,Clients - Omaya Travel,,https://omayatravel.com/clients/,"follow, index, max-snippet:-1, max-video-preview:-1, max-image-preview:large",Clients,,"Article, BreadcrumbList, ImageObject, ListItem, Organization, Person, TravelAgency, WebPage, WebSite",1,33,https://omayatravel.com/clients/,https://omayatravel.com/clients/ | https://omayatravel.com/tassili-najjer-national-park-algeria-guide/ | https://omayatravel.com/2026/07/ | https://omayatravel.com/the-complete-visitor-guide-to-rila-monastery/ | https://omayatravel.com/2026/04/ | https://omayatravel.com/ | https://omayatravel.com/tour-item/algeria-desert-expedition-tadrart-rouge/ | https://omayatravel.com/tour-item/bulgaria-trip/ | https://omayatravel.com/tour-item/safari-tour/ | https://omayatravel.com/tour-item/morocco-tour/ | https://omayatravel.com/classic-tours/ | https://omayatravel.com/women-only-tours/,https://www.facebook.com/tr?id=1606463407092899&ev=PageView&noscript=1 (alt: facebook) | https://i0.wp.com/omayatravel.com/wp-content/uploads/2018/02/logo-sidearea-1.png?fit=162%2C52&ssl=1 (alt: logo) | https://i0.wp.com/omayatravel.com/wp-content/uploads/2026/07/Algeria-Tassili-National-Park.webp?resize=150%2C150&ssl=1 (alt: Algeria Tassili n'Ajjer Desert Expedition) | https://i0.wp.com/omayatravel.com/wp-content/uploads/2026/04/Rila-Monastery-Article-2-Opt.webp?resize=150%2C150&ssl=1 (alt: MISSING) | https://omayatravel.com/wp-content/uploads/2026/04/Black_logo-e1781169999413.webp (alt: logo),/clients/,keep or redirect,medium,Route architecture should decide whether to preserve slug or consolidate.
https://omayatravel.com/columns/,sitemap,https://omayatravel.com/page-sitemap.xml,200,https://omayatravel.com/columns/,content page,Columns - Omaya Travel,"Nam ei eirmod consequuntur, quod nostrum consectetuer usu ut. Vim veniam singulis senserit an, sumo consul mentitum duo ea. Copiosae antiopam ius ea, meis",https://omayatravel.com/columns/,"follow, index, max-snippet:-1, max-video-preview:-1, max-image-preview:large",Columns,,"Article, BreadcrumbList, ImageObject, ListItem, Organization, Person, TravelAgency, WebPage, WebSite",1,33,https://omayatravel.com/columns/,https://omayatravel.com/columns/ | https://omayatravel.com/tassili-najjer-national-park-algeria-guide/ | https://omayatravel.com/2026/07/ | https://omayatravel.com/the-complete-visitor-guide-to-rila-monastery/ | https://omayatravel.com/2026/04/ | https://omayatravel.com/ | https://omayatravel.com/tour-item/algeria-desert-expedition-tadrart-rouge/ | https://omayatravel.com/tour-item/bulgaria-trip/ | https://omayatravel.com/tour-item/safari-tour/ | https://omayatravel.com/tour-item/morocco-tour/ | https://omayatravel.com/classic-tours/ | https://omayatravel.com/women-only-tours/,https://www.facebook.com/tr?id=1606463407092899&ev=PageView&noscript=1 (alt: facebook) | https://i0.wp.com/omayatravel.com/wp-content/uploads/2018/02/logo-sidearea-1.png?fit=162%2C52&ssl=1 (alt: logo) | https://i0.wp.com/omayatravel.com/wp-content/uploads/2026/07/Algeria-Tassili-National-Park.webp?resize=150%2C150&ssl=1 (alt: Algeria Tassili n'Ajjer Desert Expedition) | https://i0.wp.com/omayatravel.com/wp-content/uploads/2026/04/Rila-Monastery-Article-2-Opt.webp?resize=150%2C150&ssl=1 (alt: MISSING) | https://omayatravel.com/wp-content/uploads/2026/04/Black_logo-e1781169999413.webp (alt: logo),/columns/,keep or redirect,medium,Route architecture should decide whether to preserve slug or consolidate.
https://omayatravel.com/coming-soon/,sitemap,https://omayatravel.com/page-sitemap.xml,200,https://omayatravel.com/coming-soon/,content page,Coming Soon - Omaya Travel,,https://omayatravel.com/coming-soon/,"follow, index, max-snippet:-1, max-video-preview:-1, max-image-preview:large",Wait for it... | Website Coming Soon,,"Article, BreadcrumbList, ImageObject, ListItem, Organization, Person, TravelAgency, WebPage, WebSite",1,26,https://omayatravel.com/coming-soon/,https://omayatravel.com/coming-soon/ | https://omayatravel.com/tassili-najjer-national-park-algeria-guide/ | https://omayatravel.com/2026/07/ | https://omayatravel.com/the-complete-visitor-guide-to-rila-monastery/ | https://omayatravel.com/2026/04/ | https://omayatravel.com/ | https://omayatravel.com/tour-item/algeria-desert-expedition-tadrart-rouge/ | https://omayatravel.com/tour-item/bulgaria-trip/ | https://omayatravel.com/tour-item/safari-tour/ | https://omayatravel.com/tour-item/morocco-tour/ | https://omayatravel.com/classic-tours/ | https://omayatravel.com/women-only-tours/,https://www.facebook.com/tr?id=1606463407092899&ev=PageView&noscript=1 (alt: facebook) | https://i0.wp.com/omayatravel.com/wp-content/uploads/2018/02/logo-sidearea-1.png?fit=162%2C52&ssl=1 (alt: logo) | https://i0.wp.com/omayatravel.com/wp-content/uploads/2026/07/Algeria-Tassili-National-Park.webp?resize=150%2C150&ssl=1 (alt: Algeria Tassili n'Ajjer Desert Expedition) | https://i0.wp.com/omayatravel.com/wp-content/uploads/2026/04/Rila-Monastery-Article-2-Opt.webp?resize=150%2C150&ssl=1 (alt: MISSING) | https://omayatravel.com/wp-content/uploads/2026/04/Black_logo-e1781169999413.webp (alt: logo),/coming-soon/,keep or redirect,medium,Route architecture should decide whether to preserve slug or consolidate.
https://omayatravel.com/contact-form/,sitemap,https://omayatravel.com/page-sitemap.xml,200,https://omayatravel.com/contact-form/,content page,Contact Form - Omaya Travel,,https://omayatravel.com/contact-form/,"follow, index, max-snippet:-1, max-video-preview:-1, max-image-preview:large",Contact Form,,"Article, BreadcrumbList, ImageObject, ListItem, Organization, Person, TravelAgency, WebPage, WebSite",1,33,https://omayatravel.com/contact-form/,https://omayatravel.com/contact-form/ | https://omayatravel.com/tassili-najjer-national-park-algeria-guide/ | https://omayatravel.com/2026/07/ | https://omayatravel.com/the-complete-visitor-guide-to-rila-monastery/ | https://omayatravel.com/2026/04/ | https://omayatravel.com/ | https://omayatravel.com/tour-item/algeria-desert-expedition-tadrart-rouge/ | https://omayatravel.com/tour-item/bulgaria-trip/ | https://omayatravel.com/tour-item/safari-tour/ | https://omayatravel.com/tour-item/morocco-tour/ | https://omayatravel.com/classic-tours/ | https://omayatravel.com/women-only-tours/,https://www.facebook.com/tr?id=1606463407092899&ev=PageView&noscript=1 (alt: facebook) | https://i0.wp.com/omayatravel.com/wp-content/uploads/2018/02/logo-sidearea-1.png?fit=162%2C52&ssl=1 (alt: logo) | https://i0.wp.com/omayatravel.com/wp-content/uploads/2026/07/Algeria-Tassili-National-Park.webp?resize=150%2C150&ssl=1 (alt: Algeria Tassili n'Ajjer Desert Expedition) | https://i0.wp.com/omayatravel.com/wp-content/uploads/2026/04/Rila-Monastery-Article-2-Opt.webp?resize=150%2C150&ssl=1 (alt: MISSING) | https://omayatravel.com/wp-content/uploads/2026/04/Black_logo-e1781169999413.webp (alt: logo),/contact-form/,keep or redirect,medium,Route architecture should decide whether to preserve slug or consolidate.
https://omayatravel.com/contact/,"internal crawl, navigation/home crawl, sitemap",https://omayatravel.com/page-sitemap.xml,200,https://omayatravel.com/contact/,static page,Contact - Omaya Travel,"Every great journey starts with a single conversation. Whether you have a specific destination in mind or just a wild idea and a blank calendar, we’re here to",https://omayatravel.com/contact/,"follow, index, max-snippet:-1, max-video-preview:-1, max-image-preview:large",,,"Article, BreadcrumbList, ImageObject, ListItem, Organization, Person, TravelAgency, WebPage, WebSite",124,32,https://omayatravel.com/tabs/ | https://omayatravel.com/10-unmissable-places-to-visit-on-your-bulgaria-trip/ | https://omayatravel.com/checkout/ | https://omayatravel.com/wp-booking-calendar-time-appointments/ | https://omayatravel.com/countdown/ | https://omayatravel.com/tour-list-masonry/ | https://omayatravel.com/ | https://omayatravel.com/cookie-policy/ | https://omayatravel.com/dmc-partner-bulgaria/ | https://omayatravel.com/tour-carousel/ | https://omayatravel.com/2026/07/ | https://omayatravel.com/checkout-2/,https://omayatravel.com/contact/ | https://omayatravel.com/tassili-najjer-national-park-algeria-guide/ | https://omayatravel.com/2026/07/ | https://omayatravel.com/the-complete-visitor-guide-to-rila-monastery/ | https://omayatravel.com/2026/04/ | https://omayatravel.com/ | https://omayatravel.com/tour-item/algeria-desert-expedition-tadrart-rouge/ | https://omayatravel.com/tour-item/bulgaria-trip/ | https://omayatravel.com/tour-item/safari-tour/ | https://omayatravel.com/tour-item/morocco-tour/ | https://omayatravel.com/classic-tours/ | https://omayatravel.com/women-only-tours/,https://www.facebook.com/tr?id=1606463407092899&ev=PageView&noscript=1 (alt: facebook) | https://i0.wp.com/omayatravel.com/wp-content/uploads/2018/02/logo-sidearea-1.png?fit=162%2C52&ssl=1 (alt: logo) | https://i0.wp.com/omayatravel.com/wp-content/uploads/2026/07/Algeria-Tassili-National-Park.webp?resize=150%2C150&ssl=1 (alt: Algeria Tassili n'Ajjer Desert Expedition) | https://i0.wp.com/omayatravel.com/wp-content/uploads/2026/04/Rila-Monastery-Article-2-Opt.webp?resize=150%2C150&ssl=1 (alt: MISSING) | https://omayatravel.com/wp-content/uploads/2026/04/Black_logo-e1781169999413.webp (alt: logo),/contact/,keep,high,Preserve static trust/conversion page where practical.
https://omayatravel.com/cookie-policy/,"internal crawl, sitemap",https://omayatravel.com/page-sitemap.xml,200,https://omayatravel.com/cookie-policy/,content page,Cookie Policy - Omaya Travel,Last updated: 28.03.2026,https://omayatravel.com/cookie-policy/,"follow, index, max-snippet:-1, max-video-preview:-1, max-image-preview:large",Cookie Policy,,"Article, BreadcrumbList, ImageObject, ListItem, Organization, Person, TravelAgency, WebPage, WebSite",1,33,https://omayatravel.com/cookie-policy/,https://omayatravel.com/cookie-policy/ | https://omayatravel.com/tassili-najjer-national-park-algeria-guide/ | https://omayatravel.com/2026/07/ | https://omayatravel.com/the-complete-visitor-guide-to-rila-monastery/ | https://omayatravel.com/2026/04/ | https://omayatravel.com/ | https://omayatravel.com/tour-item/algeria-desert-expedition-tadrart-rouge/ | https://omayatravel.com/tour-item/bulgaria-trip/ | https://omayatravel.com/tour-item/safari-tour/ | https://omayatravel.com/tour-item/morocco-tour/ | https://omayatravel.com/classic-tours/ | https://omayatravel.com/women-only-tours/,https://www.facebook.com/tr?id=1606463407092899&ev=PageView&noscript=1 (alt: facebook) | https://i0.wp.com/omayatravel.com/wp-content/uploads/2018/02/logo-sidearea-1.png?fit=162%2C52&ssl=1 (alt: logo) | https://i0.wp.com/omayatravel.com/wp-content/uploads/2026/07/Algeria-Tassili-National-Park.webp?resize=150%2C150&ssl=1 (alt: Algeria Tassili n'Ajjer Desert Expedition) | https://i0.wp.com/omayatravel.com/wp-content/uploads/2026/04/Rila-Monastery-Article-2-Opt.webp?resize=150%2C150&ssl=1 (alt: MISSING) | https://omayatravel.com/wp-content/uploads/2026/04/Black_logo-e1781169999413.webp (alt: logo),/cookie-policy/,keep or redirect,medium,Route architecture should decide whether to preserve slug or consolidate.
https://omayatravel.com/countdown/,sitemap,https://omayatravel.com/page-sitemap.xml,200,https://omayatravel.com/countdown/,content page,Countdown - Omaya Travel,,https://omayatravel.com/countdown/,"follow, index, max-snippet:-1, max-video-preview:-1, max-image-preview:large",Countdown,,"Article, BreadcrumbList, ImageObject, ListItem, Organization, Person, TravelAgency, WebPage, WebSite",1,33,https://omayatravel.com/countdown/,https://omayatravel.com/countdown/ | https://omayatravel.com/tassili-najjer-national-park-algeria-guide/ | https://omayatravel.com/2026/07/ | https://omayatravel.com/the-complete-visitor-guide-to-rila-monastery/ | https://omayatravel.com/2026/04/ | https://omayatravel.com/ | https://omayatravel.com/tour-item/algeria-desert-expedition-tadrart-rouge/ | https://omayatravel.com/tour-item/bulgaria-trip/ | https://omayatravel.com/tour-item/safari-tour/ | https://omayatravel.com/tour-item/morocco-tour/ | https://omayatravel.com/classic-tours/ | https://omayatravel.com/women-only-tours/,https://www.facebook.com/tr?id=1606463407092899&ev=PageView&noscript=1 (alt: facebook) | https://i0.wp.com/omayatravel.com/wp-content/uploads/2018/02/logo-sidearea-1.png?fit=162%2C52&ssl=1 (alt: logo) | https://i0.wp.com/omayatravel.com/wp-content/uploads/2026/07/Algeria-Tassili-National-Park.webp?resize=150%2C150&ssl=1 (alt: Algeria Tassili n'Ajjer Desert Expedition) | https://i0.wp.com/omayatravel.com/wp-content/uploads/2026/04/Rila-Monastery-Article-2-Opt.webp?resize=150%2C150&ssl=1 (alt: MISSING) | https://omayatravel.com/wp-content/uploads/2026/04/Black_logo-e1781169999413.webp (alt: logo),/countdown/,keep or redirect,medium,Route architecture should decide whether to preserve slug or consolidate.
https://omayatravel.com/counters/,sitemap,https://omayatravel.com/page-sitemap.xml,200,https://omayatravel.com/counters/,content page,Counters - Omaya Travel,,https://omayatravel.com/counters/,"follow, index, max-snippet:-1, max-video-preview:-1, max-image-preview:large",Counters,,"Article, BreadcrumbList, ImageObject, ListItem, Organization, Person, TravelAgency, WebPage, WebSite",1,33,https://omayatravel.com/counters/,https://omayatravel.com/counters/ | https://omayatravel.com/tassili-najjer-national-park-algeria-guide/ | https://omayatravel.com/2026/07/ | https://omayatravel.com/the-complete-visitor-guide-to-rila-monastery/ | https://omayatravel.com/2026/04/ | https://omayatravel.com/ | https://omayatravel.com/tour-item/algeria-desert-expedition-tadrart-rouge/ | https://omayatravel.com/tour-item/bulgaria-trip/ | https://omayatravel.com/tour-item/safari-tour/ | https://omayatravel.com/tour-item/morocco-tour/ | https://omayatravel.com/classic-tours/ | https://omayatravel.com/women-only-tours/,https://www.facebook.com/tr?id=1606463407092899&ev=PageView&noscript=1 (alt: facebook) | https://i0.wp.com/omayatravel.com/wp-content/uploads/2018/02/logo-sidearea-1.png?fit=162%2C52&ssl=1 (alt: logo) | https://i0.wp.com/omayatravel.com/wp-content/uploads/2026/07/Algeria-Tassili-National-Park.webp?resize=150%2C150&ssl=1 (alt: Algeria Tassili n'Ajjer Desert Expedition) | https://i0.wp.com/omayatravel.com/wp-content/uploads/2026/04/Rila-Monastery-Article-2-Opt.webp?resize=150%2C150&ssl=1 (alt: MISSING) | https://omayatravel.com/wp-content/uploads/2026/04/Black_logo-e1781169999413.webp (alt: logo),/counters/,keep or redirect,medium,Route architecture should decide whether to preserve slug or consolidate.
https://omayatravel.com/custom-font/,"internal crawl, sitemap",https://omayatravel.com/page-sitemap.xml,200,https://omayatravel.com/custom-font/,content page,Custom Font - Omaya Travel,,https://omayatravel.com/custom-font/,"follow, index, max-snippet:-1, max-video-preview:-1, max-image-preview:large",Custom Font | Choose Your Font From The Google Collection,Choose Your Font From The Google Collection | Choose Your Font From The Google Collection | Choose Your Font From The Google Collection | Choose Your Font From The Google Collection | Choose Your Font From The Google Collection | Choose Your Font From The Google Collection,"Article, BreadcrumbList, ImageObject, ListItem, Organization, Person, TravelAgency, WebPage, WebSite",1,33,https://omayatravel.com/custom-font/,https://omayatravel.com/custom-font/ | https://omayatravel.com/tassili-najjer-national-park-algeria-guide/ | https://omayatravel.com/2026/07/ | https://omayatravel.com/the-complete-visitor-guide-to-rila-monastery/ | https://omayatravel.com/2026/04/ | https://omayatravel.com/ | https://omayatravel.com/tour-item/algeria-desert-expedition-tadrart-rouge/ | https://omayatravel.com/tour-item/bulgaria-trip/ | https://omayatravel.com/tour-item/safari-tour/ | https://omayatravel.com/tour-item/morocco-tour/ | https://omayatravel.com/classic-tours/ | https://omayatravel.com/women-only-tours/,https://www.facebook.com/tr?id=1606463407092899&ev=PageView&noscript=1 (alt: facebook) | https://i0.wp.com/omayatravel.com/wp-content/uploads/2018/02/logo-sidearea-1.png?fit=162%2C52&ssl=1 (alt: logo) | https://i0.wp.com/omayatravel.com/wp-content/uploads/2026/07/Algeria-Tassili-National-Park.webp?resize=150%2C150&ssl=1 (alt: Algeria Tassili n'Ajjer Desert Expedition) | https://i0.wp.com/omayatravel.com/wp-content/uploads/2026/04/Rila-Monastery-Article-2-Opt.webp?resize=150%2C150&ssl=1 (alt: MISSING) | https://omayatravel.com/wp-content/uploads/2026/04/Black_logo-e1781169999413.webp (alt: logo),/custom-font/,keep or redirect,medium,Route architecture should decide whether to preserve slug or consolidate.
https://omayatravel.com/dashboard/,sitemap,https://omayatravel.com/page-sitemap.xml,200,https://omayatravel.com/dashboard/,content page,Dashboard - Omaya Travel,,https://omayatravel.com/dashboard/,"follow, index, max-snippet:-1, max-video-preview:-1, max-image-preview:large",Dashboard,,"Article, BreadcrumbList, ImageObject, ListItem, Organization, Person, TravelAgency, WebPage, WebSite",1,33,https://omayatravel.com/dashboard/,https://omayatravel.com/dashboard/ | https://omayatravel.com/tassili-najjer-national-park-algeria-guide/ | https://omayatravel.com/2026/07/ | https://omayatravel.com/the-complete-visitor-guide-to-rila-monastery/ | https://omayatravel.com/2026/04/ | https://omayatravel.com/ | https://omayatravel.com/tour-item/algeria-desert-expedition-tadrart-rouge/ | https://omayatravel.com/tour-item/bulgaria-trip/ | https://omayatravel.com/tour-item/safari-tour/ | https://omayatravel.com/tour-item/morocco-tour/ | https://omayatravel.com/classic-tours/ | https://omayatravel.com/women-only-tours/,https://www.facebook.com/tr?id=1606463407092899&ev=PageView&noscript=1 (alt: facebook) | https://i0.wp.com/omayatravel.com/wp-content/uploads/2018/02/logo-sidearea-1.png?fit=162%2C52&ssl=1 (alt: logo) | https://i0.wp.com/omayatravel.com/wp-content/uploads/2026/07/Algeria-Tassili-National-Park.webp?resize=150%2C150&ssl=1 (alt: Algeria Tassili n'Ajjer Desert Expedition) | https://i0.wp.com/omayatravel.com/wp-content/uploads/2026/04/Rila-Monastery-Article-2-Opt.webp?resize=150%2C150&ssl=1 (alt: MISSING) | https://omayatravel.com/wp-content/uploads/2026/04/Black_logo-e1781169999413.webp (alt: logo),/dashboard/,keep or redirect,medium,Route architecture should decide whether to preserve slug or consolidate.
https://omayatravel.com/destinations/,sitemap,https://omayatravel.com/destinations-sitemap.xml,200,https://omayatravel.com/destinations/,content page,Mikado Destination Archive - Omaya Travel,Mikado Destination Archive - Omaya Travel,https://omayatravel.com/destinations/,"follow, index, max-snippet:-1, max-video-preview:-1, max-image-preview:large",Archive,,"BreadcrumbList, CollectionPage, ImageObject, ListItem, TravelAgency, WebSite",1,39,https://omayatravel.com/destinations/,https://omayatravel.com/destinations/ | https://omayatravel.com/tassili-najjer-national-park-algeria-guide/ | https://omayatravel.com/2026/07/ | https://omayatravel.com/the-complete-visitor-guide-to-rila-monastery/ | https://omayatravel.com/2026/04/ | https://omayatravel.com/ | https://omayatravel.com/tour-item/algeria-desert-expedition-tadrart-rouge/ | https://omayatravel.com/tour-item/bulgaria-trip/ | https://omayatravel.com/tour-item/safari-tour/ | https://omayatravel.com/tour-item/morocco-tour/ | https://omayatravel.com/classic-tours/ | https://omayatravel.com/women-only-tours/,https://www.facebook.com/tr?id=1606463407092899&ev=PageView&noscript=1 (alt: facebook) | https://i0.wp.com/omayatravel.com/wp-content/uploads/2018/02/logo-sidearea-1.png?fit=162%2C52&ssl=1 (alt: logo) | https://i0.wp.com/omayatravel.com/wp-content/uploads/2026/07/Algeria-Tassili-National-Park.webp?resize=150%2C150&ssl=1 (alt: Algeria Tassili n'Ajjer Desert Expedition) | https://i0.wp.com/omayatravel.com/wp-content/uploads/2026/04/Rila-Monastery-Article-2-Opt.webp?resize=150%2C150&ssl=1 (alt: MISSING) | https://omayatravel.com/wp-content/uploads/2026/04/Black_logo-e1781169999413.webp (alt: logo),/destinations/,keep or redirect,medium,Route architecture should decide whether to preserve slug or consolidate.
https://omayatravel.com/destinations/algeria/,sitemap,https://omayatravel.com/destinations-sitemap.xml,200,https://omayatravel.com/destinations/algeria/,content page,Algeria - Omaya Travel,,https://omayatravel.com/destinations/algeria/,"follow, index, max-snippet:-1, max-video-preview:-1, max-image-preview:large",Algeria,,"BreadcrumbList, ListItem",2,33,https://omayatravel.com/destinations/algeria/ | https://omayatravel.com/destinations/,https://omayatravel.com/destinations/algeria/ | https://omayatravel.com/tassili-najjer-national-park-algeria-guide/ | https://omayatravel.com/2026/07/ | https://omayatravel.com/the-complete-visitor-guide-to-rila-monastery/ | https://omayatravel.com/2026/04/ | https://omayatravel.com/ | https://omayatravel.com/tour-item/algeria-desert-expedition-tadrart-rouge/ | https://omayatravel.com/tour-item/bulgaria-trip/ | https://omayatravel.com/tour-item/safari-tour/ | https://omayatravel.com/tour-item/morocco-tour/ | https://omayatravel.com/classic-tours/ | https://omayatravel.com/women-only-tours/,https://www.facebook.com/tr?id=1606463407092899&ev=PageView&noscript=1 (alt: facebook) | https://i0.wp.com/omayatravel.com/wp-content/uploads/2018/02/logo-sidearea-1.png?fit=162%2C52&ssl=1 (alt: logo) | https://i0.wp.com/omayatravel.com/wp-content/uploads/2026/07/Algeria-Tassili-National-Park.webp?resize=150%2C150&ssl=1 (alt: Algeria Tassili n'Ajjer Desert Expedition) | https://i0.wp.com/omayatravel.com/wp-content/uploads/2026/04/Rila-Monastery-Article-2-Opt.webp?resize=150%2C150&ssl=1 (alt: MISSING) | https://omayatravel.com/wp-content/uploads/2026/04/Black_logo-e1781169999413.webp (alt: logo),/destinations/algeria/,keep or redirect,medium,Route architecture should decide whether to preserve slug or consolidate.
https://omayatravel.com/destinations/bulgaria/,sitemap,https://omayatravel.com/destinations-sitemap.xml,200,https://omayatravel.com/destinations/bulgaria/,content page,Bulgaria - Omaya Travel,"Lorem ipsum dolor sit amet, consectetur adipiscing elit. Mauris a rutrum arcu. Donec ut lobortis ante, non imperdiet est. Praesent vulputate at enim sit amet mattis. Integer diam erat, volutpat in rutrum nec, pulvinar at magna. Vestibulum nisi odio, rutrum eu ante in, posuere laoreet massa. In quis neque pretium, interdum felis et, pellentesque magna. Morbi ut tellus eros. Vivamus malesuada risus sapien, sit amet lacinia arcu posuere nec. Nunc sed sapien et erat hendrerit accumsan.",https://omayatravel.com/destinations/bulgaria/,"follow, index, max-snippet:-1, max-video-preview:-1, max-image-preview:large",Bulgaria,,"BreadcrumbList, ListItem",3,38,https://omayatravel.com/destinations/bulgaria/ | https://omayatravel.com/calendar/destination-list-shortcode-2/ | https://omayatravel.com/destinations/,https://omayatravel.com/destinations/bulgaria/ | https://omayatravel.com/tassili-najjer-national-park-algeria-guide/ | https://omayatravel.com/2026/07/ | https://omayatravel.com/the-complete-visitor-guide-to-rila-monastery/ | https://omayatravel.com/2026/04/ | https://omayatravel.com/ | https://omayatravel.com/tour-item/algeria-desert-expedition-tadrart-rouge/ | https://omayatravel.com/tour-item/bulgaria-trip/ | https://omayatravel.com/tour-item/safari-tour/ | https://omayatravel.com/tour-item/morocco-tour/ | https://omayatravel.com/classic-tours/ | https://omayatravel.com/women-only-tours/,https://www.facebook.com/tr?id=1606463407092899&ev=PageView&noscript=1 (alt: facebook) | https://i0.wp.com/omayatravel.com/wp-content/uploads/2018/02/logo-sidearea-1.png?fit=162%2C52&ssl=1 (alt: logo) | https://i0.wp.com/omayatravel.com/wp-content/uploads/2026/07/Algeria-Tassili-National-Park.webp?resize=150%2C150&ssl=1 (alt: Algeria Tassili n'Ajjer Desert Expedition) | https://i0.wp.com/omayatravel.com/wp-content/uploads/2026/04/Rila-Monastery-Article-2-Opt.webp?resize=150%2C150&ssl=1 (alt: MISSING) | https://omayatravel.com/wp-content/uploads/2026/04/Black_logo-e1781169999413.webp (alt: logo),/destinations/bulgaria/,keep or redirect,medium,Route architecture should decide whether to preserve slug or consolidate.
https://omayatravel.com/destinations/kyrgyzstan/,sitemap,https://omayatravel.com/destinations-sitemap.xml,200,https://omayatravel.com/destinations/kyrgyzstan/,content page,Kyrgyzstan - Omaya Travel,"Lorem ipsum dolor sit amet, consectetur adipiscing elit. Mauris a rutrum arcu. Donec ut lobortis ante, non imperdiet est. Praesent vulputate at enim sit amet mattis. Integer diam erat, volutpat in rutrum nec, pulvinar at magna. Vestibulum nisi odio, rutrum eu ante in, posuere laoreet massa. In quis neque pretium, interdum felis et, pellentesque magna. Morbi ut tellus eros. Vivamus malesuada risus sapien, sit amet lacinia arcu posuere nec. Nunc sed sapien et erat hendrerit accumsan.",https://omayatravel.com/destinations/kyrgyzstan/,"follow, index, max-snippet:-1, max-video-preview:-1, max-image-preview:large",Kyrgyzstan,,"BreadcrumbList, ListItem",3,38,https://omayatravel.com/destinations/kyrgyzstan/ | https://omayatravel.com/calendar/destination-list-shortcode-2/ | https://omayatravel.com/destinations/,https://omayatravel.com/destinations/kyrgyzstan/ | https://omayatravel.com/tassili-najjer-national-park-algeria-guide/ | https://omayatravel.com/2026/07/ | https://omayatravel.com/the-complete-visitor-guide-to-rila-monastery/ | https://omayatravel.com/2026/04/ | https://omayatravel.com/ | https://omayatravel.com/tour-item/algeria-desert-expedition-tadrart-rouge/ | https://omayatravel.com/tour-item/bulgaria-trip/ | https://omayatravel.com/tour-item/safari-tour/ | https://omayatravel.com/tour-item/morocco-tour/ | https://omayatravel.com/classic-tours/ | https://omayatravel.com/women-only-tours/,https://www.facebook.com/tr?id=1606463407092899&ev=PageView&noscript=1 (alt: facebook) | https://i0.wp.com/omayatravel.com/wp-content/uploads/2018/02/logo-sidearea-1.png?fit=162%2C52&ssl=1 (alt: logo) | https://i0.wp.com/omayatravel.com/wp-content/uploads/2026/07/Algeria-Tassili-National-Park.webp?resize=150%2C150&ssl=1 (alt: Algeria Tassili n'Ajjer Desert Expedition) | https://i0.wp.com/omayatravel.com/wp-content/uploads/2026/04/Rila-Monastery-Article-2-Opt.webp?resize=150%2C150&ssl=1 (alt: MISSING) | https://omayatravel.com/wp-content/uploads/2026/04/Black_logo-e1781169999413.webp (alt: logo),/destinations/kyrgyzstan/,keep or redirect,medium,Route architecture should decide whether to preserve slug or consolidate.
https://omayatravel.com/destinations/morocco/,sitemap,https://omayatravel.com/destinations-sitemap.xml,200,https://omayatravel.com/destinations/morocco/,content page,Morocco - Omaya Travel,"Lorem ipsum dolor sit amet, consectetur adipiscing elit. Mauris a rutrum arcu. Donec ut lobortis ante, non imperdiet est. Praesent vulputate at enim sit amet mattis. Integer diam erat, volutpat in rutrum nec, pulvinar at magna. Vestibulum nisi odio, rutrum eu ante in, posuere laoreet massa. In quis neque pretium, interdum felis et, pellentesque magna. Morbi ut tellus eros. Vivamus malesuada risus sapien, sit amet lacinia arcu posuere nec. Nunc sed sapien et erat hendrerit accumsan.",https://omayatravel.com/destinations/morocco/,"follow, index, max-snippet:-1, max-video-preview:-1, max-image-preview:large",Morocco,,"BreadcrumbList, ListItem",3,38,https://omayatravel.com/calendar/destination-list-shortcode-2/ | https://omayatravel.com/destinations/morocco/ | https://omayatravel.com/destinations/,https://omayatravel.com/destinations/morocco/ | https://omayatravel.com/tassili-najjer-national-park-algeria-guide/ | https://omayatravel.com/2026/07/ | https://omayatravel.com/the-complete-visitor-guide-to-rila-monastery/ | https://omayatravel.com/2026/04/ | https://omayatravel.com/ | https://omayatravel.com/tour-item/algeria-desert-expedition-tadrart-rouge/ | https://omayatravel.com/tour-item/bulgaria-trip/ | https://omayatravel.com/tour-item/safari-tour/ | https://omayatravel.com/tour-item/morocco-tour/ | https://omayatravel.com/classic-tours/ | https://omayatravel.com/women-only-tours/,https://www.facebook.com/tr?id=1606463407092899&ev=PageView&noscript=1 (alt: facebook) | https://i0.wp.com/omayatravel.com/wp-content/uploads/2018/02/logo-sidearea-1.png?fit=162%2C52&ssl=1 (alt: logo) | https://i0.wp.com/omayatravel.com/wp-content/uploads/2026/07/Algeria-Tassili-National-Park.webp?resize=150%2C150&ssl=1 (alt: Algeria Tassili n'Ajjer Desert Expedition) | https://i0.wp.com/omayatravel.com/wp-content/uploads/2026/04/Rila-Monastery-Article-2-Opt.webp?resize=150%2C150&ssl=1 (alt: MISSING) | https://omayatravel.com/wp-content/uploads/2026/04/Black_logo-e1781169999413.webp (alt: logo),/destinations/morocco/,keep or redirect,medium,Route architecture should decide whether to preserve slug or consolidate.
https://omayatravel.com/dmc-partner-bulgaria/,"internal crawl, navigation/home crawl, sitemap",https://omayatravel.com/page-sitemap.xml,200,https://omayatravel.com/dmc-partner-bulgaria/,content page,DMC Partner Bulgaria — Trusted Ground Operator | Omaya Travel,"Looking for a reliable DMC partner in Bulgaria? Omaya Travel offers full ground operations, local expertise, and tailored itineraries for tour operators and agencies.",https://omayatravel.com/dmc-partner-bulgaria/,"index, follow, max-snippet:-1, max-video-preview:-1, max-image-preview:large",,Bring us the idea. We'll bring it to life in Bulgaria. | Why partner with Omaya?,"Article, BreadcrumbList, ImageObject, ListItem, Organization, Person, TravelAgency, WebPage, WebSite",124,32,https://omayatravel.com/tabs/ | https://omayatravel.com/10-unmissable-places-to-visit-on-your-bulgaria-trip/ | https://omayatravel.com/checkout/ | https://omayatravel.com/wp-booking-calendar-time-appointments/ | https://omayatravel.com/countdown/ | https://omayatravel.com/tour-list-masonry/ | https://omayatravel.com/ | https://omayatravel.com/cookie-policy/ | https://omayatravel.com/dmc-partner-bulgaria/ | https://omayatravel.com/tour-carousel/ | https://omayatravel.com/2026/07/ | https://omayatravel.com/checkout-2/,https://omayatravel.com/dmc-partner-bulgaria/ | https://omayatravel.com/tassili-najjer-national-park-algeria-guide/ | https://omayatravel.com/2026/07/ | https://omayatravel.com/the-complete-visitor-guide-to-rila-monastery/ | https://omayatravel.com/2026/04/ | https://omayatravel.com/ | https://omayatravel.com/tour-item/algeria-desert-expedition-tadrart-rouge/ | https://omayatravel.com/tour-item/bulgaria-trip/ | https://omayatravel.com/tour-item/safari-tour/ | https://omayatravel.com/tour-item/morocco-tour/ | https://omayatravel.com/classic-tours/ | https://omayatravel.com/women-only-tours/,https://www.facebook.com/tr?id=1606463407092899&ev=PageView&noscript=1 (alt: facebook) | https://i0.wp.com/omayatravel.com/wp-content/uploads/2018/02/logo-sidearea-1.png?fit=162%2C52&ssl=1 (alt: logo) | https://i0.wp.com/omayatravel.com/wp-content/uploads/2026/07/Algeria-Tassili-National-Park.webp?resize=150%2C150&ssl=1 (alt: Algeria Tassili n'Ajjer Desert Expedition) | https://i0.wp.com/omayatravel.com/wp-content/uploads/2026/04/Rila-Monastery-Article-2-Opt.webp?resize=150%2C150&ssl=1 (alt: MISSING) | https://omayatravel.com/wp-content/uploads/2026/04/Black_logo-e1781169999413.webp (alt: logo),/dmc-partner-bulgaria/,keep or redirect,medium,Route architecture should decide whether to preserve slug or consolidate.
https://omayatravel.com/dropcaps/,sitemap,https://omayatravel.com/page-sitemap.xml,200,https://omayatravel.com/dropcaps/,content page,Dropcaps - Omaya Travel,Grem ipsum dolor. Sit amet non. Libero varius ligula a id nec libero amet non metus ligula risus egestas senectus euismod. In vel tristique. Nulla risus,https://omayatravel.com/dropcaps/,"follow, index, max-snippet:-1, max-video-preview:-1, max-image-preview:large",Dropcaps,,"Article, BreadcrumbList, ImageObject, ListItem, Organization, Person, TravelAgency, WebPage, WebSite",1,33,https://omayatravel.com/dropcaps/,https://omayatravel.com/dropcaps/ | https://omayatravel.com/tassili-najjer-national-park-algeria-guide/ | https://omayatravel.com/2026/07/ | https://omayatravel.com/the-complete-visitor-guide-to-rila-monastery/ | https://omayatravel.com/2026/04/ | https://omayatravel.com/ | https://omayatravel.com/tour-item/algeria-desert-expedition-tadrart-rouge/ | https://omayatravel.com/tour-item/bulgaria-trip/ | https://omayatravel.com/tour-item/safari-tour/ | https://omayatravel.com/tour-item/morocco-tour/ | https://omayatravel.com/classic-tours/ | https://omayatravel.com/women-only-tours/,https://www.facebook.com/tr?id=1606463407092899&ev=PageView&noscript=1 (alt: facebook) | https://i0.wp.com/omayatravel.com/wp-content/uploads/2018/02/logo-sidearea-1.png?fit=162%2C52&ssl=1 (alt: logo) | https://i0.wp.com/omayatravel.com/wp-content/uploads/2026/07/Algeria-Tassili-National-Park.webp?resize=150%2C150&ssl=1 (alt: Algeria Tassili n'Ajjer Desert Expedition) | https://i0.wp.com/omayatravel.com/wp-content/uploads/2026/04/Rila-Monastery-Article-2-Opt.webp?resize=150%2C150&ssl=1 (alt: MISSING) | https://omayatravel.com/wp-content/uploads/2026/04/Black_logo-e1781169999413.webp (alt: logo),/dropcaps/,keep or redirect,medium,Route architecture should decide whether to preserve slug or consolidate.
https://omayatravel.com/enquire-now/,"internal crawl, navigation/home crawl, sitemap",https://omayatravel.com/page-sitemap.xml,200,https://omayatravel.com/enquire-now/,content page,Enquire Now - Omaya Travel,,https://omayatravel.com/enquire-now/,"follow, index, max-snippet:-1, max-video-preview:-1, max-image-preview:large",Enquire Now,,"Article, BreadcrumbList, ImageObject, ListItem, Organization, Person, TravelAgency, WebPage, WebSite",124,33,https://omayatravel.com/tabs/ | https://omayatravel.com/10-unmissable-places-to-visit-on-your-bulgaria-trip/ | https://omayatravel.com/checkout/ | https://omayatravel.com/wp-booking-calendar-time-appointments/ | https://omayatravel.com/countdown/ | https://omayatravel.com/tour-list-masonry/ | https://omayatravel.com/ | https://omayatravel.com/cookie-policy/ | https://omayatravel.com/dmc-partner-bulgaria/ | https://omayatravel.com/tour-carousel/ | https://omayatravel.com/2026/07/ | https://omayatravel.com/checkout-2/,https://omayatravel.com/enquire-now/ | https://omayatravel.com/tassili-najjer-national-park-algeria-guide/ | https://omayatravel.com/2026/07/ | https://omayatravel.com/the-complete-visitor-guide-to-rila-monastery/ | https://omayatravel.com/2026/04/ | https://omayatravel.com/ | https://omayatravel.com/tour-item/algeria-desert-expedition-tadrart-rouge/ | https://omayatravel.com/tour-item/bulgaria-trip/ | https://omayatravel.com/tour-item/safari-tour/ | https://omayatravel.com/tour-item/morocco-tour/ | https://omayatravel.com/classic-tours/ | https://omayatravel.com/women-only-tours/,https://www.facebook.com/tr?id=1606463407092899&ev=PageView&noscript=1 (alt: facebook) | https://i0.wp.com/omayatravel.com/wp-content/uploads/2018/02/logo-sidearea-1.png?fit=162%2C52&ssl=1 (alt: logo) | https://i0.wp.com/omayatravel.com/wp-content/uploads/2026/07/Algeria-Tassili-National-Park.webp?resize=150%2C150&ssl=1 (alt: Algeria Tassili n'Ajjer Desert Expedition) | https://i0.wp.com/omayatravel.com/wp-content/uploads/2026/04/Rila-Monastery-Article-2-Opt.webp?resize=150%2C150&ssl=1 (alt: MISSING) | https://omayatravel.com/wp-content/uploads/2026/04/Black_logo-e1781169999413.webp (alt: logo),/enquire-now/,keep or redirect,medium,Route architecture should decide whether to preserve slug or consolidate.
https://omayatravel.com/faq/,"internal crawl, navigation/home crawl, sitemap",https://omayatravel.com/page-sitemap.xml,200,https://omayatravel.com/faq/,tour/destination candidate,Frequently Asked Questions - Omaya Travel,"Got questions about your upcoming adventure? Our FAQ section covers the essentials: booking confirmations, cancellation policies, visa requirements, and",https://omayatravel.com/faq/,"follow, index, max-snippet:-1, max-video-preview:-1, max-image-preview:large",Frequently Asked Questions,,"Article, BreadcrumbList, ImageObject, ListItem, Organization, Person, TravelAgency, WebPage, WebSite",124,32,https://omayatravel.com/tabs/ | https://omayatravel.com/10-unmissable-places-to-visit-on-your-bulgaria-trip/ | https://omayatravel.com/checkout/ | https://omayatravel.com/wp-booking-calendar-time-appointments/ | https://omayatravel.com/countdown/ | https://omayatravel.com/tour-list-masonry/ | https://omayatravel.com/ | https://omayatravel.com/cookie-policy/ | https://omayatravel.com/dmc-partner-bulgaria/ | https://omayatravel.com/tour-carousel/ | https://omayatravel.com/2026/07/ | https://omayatravel.com/checkout-2/,https://omayatravel.com/faq/ | https://omayatravel.com/tassili-najjer-national-park-algeria-guide/ | https://omayatravel.com/2026/07/ | https://omayatravel.com/the-complete-visitor-guide-to-rila-monastery/ | https://omayatravel.com/2026/04/ | https://omayatravel.com/ | https://omayatravel.com/tour-item/algeria-desert-expedition-tadrart-rouge/ | https://omayatravel.com/tour-item/bulgaria-trip/ | https://omayatravel.com/tour-item/safari-tour/ | https://omayatravel.com/tour-item/morocco-tour/ | https://omayatravel.com/classic-tours/ | https://omayatravel.com/women-only-tours/,https://www.facebook.com/tr?id=1606463407092899&ev=PageView&noscript=1 (alt: facebook) | https://i0.wp.com/omayatravel.com/wp-content/uploads/2018/02/logo-sidearea-1.png?fit=162%2C52&ssl=1 (alt: logo) | https://i0.wp.com/omayatravel.com/wp-content/uploads/2026/07/Algeria-Tassili-National-Park.webp?resize=150%2C150&ssl=1 (alt: Algeria Tassili n'Ajjer Desert Expedition) | https://i0.wp.com/omayatravel.com/wp-content/uploads/2026/04/Rila-Monastery-Article-2-Opt.webp?resize=150%2C150&ssl=1 (alt: MISSING) | https://omayatravel.com/wp-content/uploads/2026/04/Black_logo-e1781169999413.webp (alt: logo),/faq/,keep or redirect,high,"Separate country, destination and tour intent during final route approval."
https://omayatravel.com/google-maps/,"internal crawl, sitemap",https://omayatravel.com/page-sitemap.xml,200,https://omayatravel.com/google-maps/,content page,Google Maps - Omaya Travel,,https://omayatravel.com/google-maps/,"follow, index, max-snippet:-1, max-video-preview:-1, max-image-preview:large",Google Maps,,"Article, BreadcrumbList, ImageObject, ListItem, Organization, Person, TravelAgency, WebPage, WebSite",1,33,https://omayatravel.com/google-maps/,https://omayatravel.com/google-maps/ | https://omayatravel.com/tassili-najjer-national-park-algeria-guide/ | https://omayatravel.com/2026/07/ | https://omayatravel.com/the-complete-visitor-guide-to-rila-monastery/ | https://omayatravel.com/2026/04/ | https://omayatravel.com/ | https://omayatravel.com/tour-item/algeria-desert-expedition-tadrart-rouge/ | https://omayatravel.com/tour-item/bulgaria-trip/ | https://omayatravel.com/tour-item/safari-tour/ | https://omayatravel.com/tour-item/morocco-tour/ | https://omayatravel.com/classic-tours/ | https://omayatravel.com/women-only-tours/,https://www.facebook.com/tr?id=1606463407092899&ev=PageView&noscript=1 (alt: facebook) | https://i0.wp.com/omayatravel.com/wp-content/uploads/2018/02/logo-sidearea-1.png?fit=162%2C52&ssl=1 (alt: logo) | https://i0.wp.com/omayatravel.com/wp-content/uploads/2026/07/Algeria-Tassili-National-Park.webp?resize=150%2C150&ssl=1 (alt: Algeria Tassili n'Ajjer Desert Expedition) | https://i0.wp.com/omayatravel.com/wp-content/uploads/2026/04/Rila-Monastery-Article-2-Opt.webp?resize=150%2C150&ssl=1 (alt: MISSING) | https://omayatravel.com/wp-content/uploads/2026/04/Black_logo-e1781169999413.webp (alt: logo),/google-maps/,keep or redirect,medium,Route architecture should decide whether to preserve slug or consolidate.
https://omayatravel.com/headings/,sitemap,https://omayatravel.com/page-sitemap.xml,200,https://omayatravel.com/headings/,content page,Headings - Omaya Travel,"Alienum phaedrum torquatos nec eu, vis detraxit periculis ex, nihil expetendis in mei. Mei an pericula euripidis, hinc partem ei est. Eos ei nisl graecis, vix",https://omayatravel.com/headings/,"follow, index, max-snippet:-1, max-video-preview:-1, max-image-preview:large",Headings | Heading 1,Heading 2,"Article, BreadcrumbList, ImageObject, ListItem, Organization, Person, TravelAgency, WebPage, WebSite",1,33,https://omayatravel.com/headings/,https://omayatravel.com/headings/ | https://omayatravel.com/tassili-najjer-national-park-algeria-guide/ | https://omayatravel.com/2026/07/ | https://omayatravel.com/the-complete-visitor-guide-to-rila-monastery/ | https://omayatravel.com/2026/04/ | https://omayatravel.com/ | https://omayatravel.com/tour-item/algeria-desert-expedition-tadrart-rouge/ | https://omayatravel.com/tour-item/bulgaria-trip/ | https://omayatravel.com/tour-item/safari-tour/ | https://omayatravel.com/tour-item/morocco-tour/ | https://omayatravel.com/classic-tours/ | https://omayatravel.com/women-only-tours/,https://www.facebook.com/tr?id=1606463407092899&ev=PageView&noscript=1 (alt: facebook) | https://i0.wp.com/omayatravel.com/wp-content/uploads/2018/02/logo-sidearea-1.png?fit=162%2C52&ssl=1 (alt: logo) | https://i0.wp.com/omayatravel.com/wp-content/uploads/2026/07/Algeria-Tassili-National-Park.webp?resize=150%2C150&ssl=1 (alt: Algeria Tassili n'Ajjer Desert Expedition) | https://i0.wp.com/omayatravel.com/wp-content/uploads/2026/04/Rila-Monastery-Article-2-Opt.webp?resize=150%2C150&ssl=1 (alt: MISSING) | https://omayatravel.com/wp-content/uploads/2026/04/Black_logo-e1781169999413.webp (alt: logo),/headings/,keep or redirect,medium,Route architecture should decide whether to preserve slug or consolidate.
https://omayatravel.com/highlights/,"internal crawl, sitemap",https://omayatravel.com/page-sitemap.xml,200,https://omayatravel.com/highlights/,content page,Highlights - Omaya Travel,"Alienum phaedrum torquatos nec eu, vis detraxit periculis ex, nihil expetendis in mei. Mei an pericula euripidis, hinc partem ei est. Eos ei nisl graecis, vix",https://omayatravel.com/highlights/,"follow, index, max-snippet:-1, max-video-preview:-1, max-image-preview:large",Highlights,,"Article, BreadcrumbList, ImageObject, ListItem, Organization, Person, TravelAgency, WebPage, WebSite",1,33,https://omayatravel.com/highlights/,https://omayatravel.com/highlights/ | https://omayatravel.com/tassili-najjer-national-park-algeria-guide/ | https://omayatravel.com/2026/07/ | https://omayatravel.com/the-complete-visitor-guide-to-rila-monastery/ | https://omayatravel.com/2026/04/ | https://omayatravel.com/ | https://omayatravel.com/tour-item/algeria-desert-expedition-tadrart-rouge/ | https://omayatravel.com/tour-item/bulgaria-trip/ | https://omayatravel.com/tour-item/safari-tour/ | https://omayatravel.com/tour-item/morocco-tour/ | https://omayatravel.com/classic-tours/ | https://omayatravel.com/women-only-tours/,https://www.facebook.com/tr?id=1606463407092899&ev=PageView&noscript=1 (alt: facebook) | https://i0.wp.com/omayatravel.com/wp-content/uploads/2018/02/logo-sidearea-1.png?fit=162%2C52&ssl=1 (alt: logo) | https://i0.wp.com/omayatravel.com/wp-content/uploads/2026/07/Algeria-Tassili-National-Park.webp?resize=150%2C150&ssl=1 (alt: Algeria Tassili n'Ajjer Desert Expedition) | https://i0.wp.com/omayatravel.com/wp-content/uploads/2026/04/Rila-Monastery-Article-2-Opt.webp?resize=150%2C150&ssl=1 (alt: MISSING) | https://omayatravel.com/wp-content/uploads/2026/04/Black_logo-e1781169999413.webp (alt: logo),/highlights/,keep or redirect,medium,Route architecture should decide whether to preserve slug or consolidate.
https://omayatravel.com/how-to-visit-song-kul-lake-in-kyrgyzstan/,"navigation/home crawl, sitemap",https://omayatravel.com/post-sitemap.xml,200,https://omayatravel.com/how-to-visit-song-kul-lake-in-kyrgyzstan/,blog/article,Song Kul: What You Need to Know About Kyrgyzstan's Most Untamed Alpine Lake - Omaya Travel,"Lorem ipsum dolor sit amet, consectetur adipiscing elit. Nunc cursus pharetra porttitor. Maecenas eget augue ipsum. Etiam maximus condimentum neque, sit amet auctor leo convallis id. Nunc ac varius nulla. Ut nec facilisis leo. Fusce ac ultrices ligula. Suspendisse tristique erat dui, vitae sagittis tellus eleifend sed. Aenean ornare, sapien vitae rhoncus semper, dui lacus venenatis turpis, non molestie nibh eros in felis. Mauris rutrum massa vel dolor pellentesque tincidunt ipsum dolor sit amet. Aenean nec massa ut dui cursus ullamcorper sed vitae lacus. Vestibulum vehicula, ipsum in imperdiet aliquet, erat felis interdum mi, ut ullamcorper arcu erat in leo. In porttitor justo ut euismod pharetra. Ut tempor, eros nec feugiat lacinia, lorem odio cursus ligula, vitae ultrices libero tortor at quam. Suspendisse pretium non sapien a aliquet. Proin eu purus nibh. Vestibulum semper posuere est, nec ultrices orci mollis lobortis. Mauris tristique elit ac orci volutpat, id euismod mauris blandit. Praesent dictum tortor nisl, in tristique urna tincidunt et. Aenean fringilla elit arcu, vehicula lobortis sem volutpat at. Maecenas hendrerit leo erat, ultricies posuere nibh maximus nec. Vestibulum eget commodo sem.",https://omayatravel.com/how-to-visit-song-kul-lake-in-kyrgyzstan/,"follow, index, max-snippet:-1, max-video-preview:-1, max-image-preview:large",Song Kul: What You Need to Know About Kyrgyzstan’s Most Untamed Alpine Lake,,"BlogPosting, BreadcrumbList, ImageObject, ListItem, Organization, Person, TravelAgency, WebPage, WebSite",16,38,https://omayatravel.com/tour-item/women-only-tour-kyrgyzstan/ | https://omayatravel.com/2026/02/ | https://omayatravel.com/2026/04/ | https://omayatravel.com/ | https://omayatravel.com/10-unmissable-places-to-visit-on-your-bulgaria-trip/ | https://omayatravel.com/category/travel/ | https://omayatravel.com/category/uncategorized/ | https://omayatravel.com/2026/07/ | https://omayatravel.com/the-complete-visitor-guide-to-rila-monastery/ | https://omayatravel.com/blog-list-2/ | https://omayatravel.com/tassili-najjer-national-park-algeria-guide/ | https://omayatravel.com/blog-list/,https://omayatravel.com/how-to-visit-song-kul-lake-in-kyrgyzstan/ | https://omayatravel.com/tassili-najjer-national-park-algeria-guide/ | https://omayatravel.com/2026/07/ | https://omayatravel.com/the-complete-visitor-guide-to-rila-monastery/ | https://omayatravel.com/2026/04/ | https://omayatravel.com/ | https://omayatravel.com/tour-item/algeria-desert-expedition-tadrart-rouge/ | https://omayatravel.com/tour-item/bulgaria-trip/ | https://omayatravel.com/tour-item/safari-tour/ | https://omayatravel.com/tour-item/morocco-tour/ | https://omayatravel.com/classic-tours/ | https://omayatravel.com/women-only-tours/,https://www.facebook.com/tr?id=1606463407092899&ev=PageView&noscript=1 (alt: facebook) | https://i0.wp.com/omayatravel.com/wp-content/uploads/2018/02/logo-sidearea-1.png?fit=162%2C52&ssl=1 (alt: logo) | https://i0.wp.com/omayatravel.com/wp-content/uploads/2026/07/Algeria-Tassili-National-Park.webp?resize=150%2C150&ssl=1 (alt: Algeria Tassili n'Ajjer Desert Expedition) | https://i0.wp.com/omayatravel.com/wp-content/uploads/2026/04/Rila-Monastery-Article-2-Opt.webp?resize=150%2C150&ssl=1 (alt: MISSING) | https://omayatravel.com/wp-content/uploads/2026/04/Black_logo-e1781169999413.webp (alt: logo),/how-to-visit-song-kul-lake-in-kyrgyzstan/,keep or redirect,high,Preserve article slug where practical; redirect if blog architecture changes.
https://omayatravel.com/icon-list/,"internal crawl, sitemap",https://omayatravel.com/page-sitemap.xml,200,https://omayatravel.com/icon-list/,content page,Icon List - Omaya Travel,San Francisco New York Barcelona London San Francisco New York Barcelona London San Francisco New York Barcelona London,https://omayatravel.com/icon-list/,"follow, index, max-snippet:-1, max-video-preview:-1, max-image-preview:large",Icon List,,"Article, BreadcrumbList, ImageObject, ListItem, Organization, Person, TravelAgency, WebPage, WebSite",1,33,https://omayatravel.com/icon-list/,https://omayatravel.com/icon-list/ | https://omayatravel.com/tassili-najjer-national-park-algeria-guide/ | https://omayatravel.com/2026/07/ | https://omayatravel.com/the-complete-visitor-guide-to-rila-monastery/ | https://omayatravel.com/2026/04/ | https://omayatravel.com/ | https://omayatravel.com/tour-item/algeria-desert-expedition-tadrart-rouge/ | https://omayatravel.com/tour-item/bulgaria-trip/ | https://omayatravel.com/tour-item/safari-tour/ | https://omayatravel.com/tour-item/morocco-tour/ | https://omayatravel.com/classic-tours/ | https://omayatravel.com/women-only-tours/,https://www.facebook.com/tr?id=1606463407092899&ev=PageView&noscript=1 (alt: facebook) | https://i0.wp.com/omayatravel.com/wp-content/uploads/2018/02/logo-sidearea-1.png?fit=162%2C52&ssl=1 (alt: logo) | https://i0.wp.com/omayatravel.com/wp-content/uploads/2026/07/Algeria-Tassili-National-Park.webp?resize=150%2C150&ssl=1 (alt: Algeria Tassili n'Ajjer Desert Expedition) | https://i0.wp.com/omayatravel.com/wp-content/uploads/2026/04/Rila-Monastery-Article-2-Opt.webp?resize=150%2C150&ssl=1 (alt: MISSING) | https://omayatravel.com/wp-content/uploads/2026/04/Black_logo-e1781169999413.webp (alt: logo),/icon-list/,keep or redirect,medium,Route architecture should decide whether to preserve slug or consolidate.
https://omayatravel.com/icon-with-text/,sitemap,https://omayatravel.com/page-sitemap.xml,200,https://omayatravel.com/icon-with-text/,content page,Icon With Text - Omaya Travel,,https://omayatravel.com/icon-with-text/,"follow, index, max-snippet:-1, max-video-preview:-1, max-image-preview:large",Icon With Text,,"Article, BreadcrumbList, ImageObject, ListItem, Organization, Person, TravelAgency, WebPage, WebSite",1,33,https://omayatravel.com/icon-with-text/,https://omayatravel.com/icon-with-text/ | https://omayatravel.com/tassili-najjer-national-park-algeria-guide/ | https://omayatravel.com/2026/07/ | https://omayatravel.com/the-complete-visitor-guide-to-rila-monastery/ | https://omayatravel.com/2026/04/ | https://omayatravel.com/ | https://omayatravel.com/tour-item/algeria-desert-expedition-tadrart-rouge/ | https://omayatravel.com/tour-item/bulgaria-trip/ | https://omayatravel.com/tour-item/safari-tour/ | https://omayatravel.com/tour-item/morocco-tour/ | https://omayatravel.com/classic-tours/ | https://omayatravel.com/women-only-tours/,https://www.facebook.com/tr?id=1606463407092899&ev=PageView&noscript=1 (alt: facebook) | https://i0.wp.com/omayatravel.com/wp-content/uploads/2018/02/logo-sidearea-1.png?fit=162%2C52&ssl=1 (alt: logo) | https://i0.wp.com/omayatravel.com/wp-content/uploads/2026/07/Algeria-Tassili-National-Park.webp?resize=150%2C150&ssl=1 (alt: Algeria Tassili n'Ajjer Desert Expedition) | https://i0.wp.com/omayatravel.com/wp-content/uploads/2026/04/Rila-Monastery-Article-2-Opt.webp?resize=150%2C150&ssl=1 (alt: MISSING) | https://omayatravel.com/wp-content/uploads/2026/04/Black_logo-e1781169999413.webp (alt: logo),/icon-with-text/,keep or redirect,medium,Route architecture should decide whether to preserve slug or consolidate.
https://omayatravel.com/image-gallery/,"internal crawl, sitemap",https://omayatravel.com/page-sitemap.xml,200,https://omayatravel.com/image-gallery/,content page,Image Gallery - Omaya Travel,,https://omayatravel.com/image-gallery/,"follow, index, max-snippet:-1, max-video-preview:-1, max-image-preview:large",Image Gallery,,"Article, BreadcrumbList, ImageObject, ListItem, Organization, Person, TravelAgency, WebPage, WebSite",1,33,https://omayatravel.com/image-gallery/,https://omayatravel.com/image-gallery/ | https://omayatravel.com/tassili-najjer-national-park-algeria-guide/ | https://omayatravel.com/2026/07/ | https://omayatravel.com/the-complete-visitor-guide-to-rila-monastery/ | https://omayatravel.com/2026/04/ | https://omayatravel.com/ | https://omayatravel.com/tour-item/algeria-desert-expedition-tadrart-rouge/ | https://omayatravel.com/tour-item/bulgaria-trip/ | https://omayatravel.com/tour-item/safari-tour/ | https://omayatravel.com/tour-item/morocco-tour/ | https://omayatravel.com/classic-tours/ | https://omayatravel.com/women-only-tours/,https://www.facebook.com/tr?id=1606463407092899&ev=PageView&noscript=1 (alt: facebook) | https://i0.wp.com/omayatravel.com/wp-content/uploads/2018/02/logo-sidearea-1.png?fit=162%2C52&ssl=1 (alt: logo) | https://i0.wp.com/omayatravel.com/wp-content/uploads/2026/07/Algeria-Tassili-National-Park.webp?resize=150%2C150&ssl=1 (alt: Algeria Tassili n'Ajjer Desert Expedition) | https://i0.wp.com/omayatravel.com/wp-content/uploads/2026/04/Rila-Monastery-Article-2-Opt.webp?resize=150%2C150&ssl=1 (alt: MISSING) | https://omayatravel.com/wp-content/uploads/2026/04/Black_logo-e1781169999413.webp (alt: logo),/image-gallery/,keep or redirect,medium,Route architecture should decide whether to preserve slug or consolidate.
https://omayatravel.com/my-account-2/,sitemap,https://omayatravel.com/page-sitemap.xml,200,https://omayatravel.com/my-account-2/,content page,My account - Omaya Travel,[woocommerce_my_account],https://omayatravel.com/my-account-2/,"follow, index, max-snippet:-1, max-video-preview:-1, max-image-preview:large",My account,,"Article, BreadcrumbList, ImageObject, ListItem, Organization, Person, TravelAgency, WebPage, WebSite",1,33,https://omayatravel.com/my-account-2/,https://omayatravel.com/my-account-2/ | https://omayatravel.com/tassili-najjer-national-park-algeria-guide/ | https://omayatravel.com/2026/07/ | https://omayatravel.com/the-complete-visitor-guide-to-rila-monastery/ | https://omayatravel.com/2026/04/ | https://omayatravel.com/ | https://omayatravel.com/tour-item/algeria-desert-expedition-tadrart-rouge/ | https://omayatravel.com/tour-item/bulgaria-trip/ | https://omayatravel.com/tour-item/safari-tour/ | https://omayatravel.com/tour-item/morocco-tour/ | https://omayatravel.com/classic-tours/ | https://omayatravel.com/women-only-tours/,https://www.facebook.com/tr?id=1606463407092899&ev=PageView&noscript=1 (alt: facebook) | https://i0.wp.com/omayatravel.com/wp-content/uploads/2018/02/logo-sidearea-1.png?fit=162%2C52&ssl=1 (alt: logo) | https://i0.wp.com/omayatravel.com/wp-content/uploads/2026/07/Algeria-Tassili-National-Park.webp?resize=150%2C150&ssl=1 (alt: Algeria Tassili n'Ajjer Desert Expedition) | https://i0.wp.com/omayatravel.com/wp-content/uploads/2026/04/Rila-Monastery-Article-2-Opt.webp?resize=150%2C150&ssl=1 (alt: MISSING) | https://omayatravel.com/wp-content/uploads/2026/04/Black_logo-e1781169999413.webp (alt: logo),/my-account-2/,keep or redirect,medium,Route architecture should decide whether to preserve slug or consolidate.
https://omayatravel.com/my-account/,"internal crawl, sitemap",https://omayatravel.com/page-sitemap.xml,200,https://omayatravel.com/my-account/,content page,My account - Omaya Travel,,https://omayatravel.com/my-account/,"follow, index, max-snippet:-1, max-video-preview:-1, max-image-preview:large",My account,,"Article, BreadcrumbList, ImageObject, ListItem, Organization, Person, TravelAgency, WebPage, WebSite",1,33,https://omayatravel.com/my-account/,https://omayatravel.com/my-account/ | https://omayatravel.com/tassili-najjer-national-park-algeria-guide/ | https://omayatravel.com/2026/07/ | https://omayatravel.com/the-complete-visitor-guide-to-rila-monastery/ | https://omayatravel.com/2026/04/ | https://omayatravel.com/ | https://omayatravel.com/tour-item/algeria-desert-expedition-tadrart-rouge/ | https://omayatravel.com/tour-item/bulgaria-trip/ | https://omayatravel.com/tour-item/safari-tour/ | https://omayatravel.com/tour-item/morocco-tour/ | https://omayatravel.com/classic-tours/ | https://omayatravel.com/women-only-tours/,https://www.facebook.com/tr?id=1606463407092899&ev=PageView&noscript=1 (alt: facebook) | https://i0.wp.com/omayatravel.com/wp-content/uploads/2018/02/logo-sidearea-1.png?fit=162%2C52&ssl=1 (alt: logo) | https://i0.wp.com/omayatravel.com/wp-content/uploads/2026/07/Algeria-Tassili-National-Park.webp?resize=150%2C150&ssl=1 (alt: Algeria Tassili n'Ajjer Desert Expedition) | https://i0.wp.com/omayatravel.com/wp-content/uploads/2026/04/Rila-Monastery-Article-2-Opt.webp?resize=150%2C150&ssl=1 (alt: MISSING) | https://omayatravel.com/wp-content/uploads/2026/04/Black_logo-e1781169999413.webp (alt: logo),/my-account/,keep or redirect,medium,Route architecture should decide whether to preserve slug or consolidate.
https://omayatravel.com/not-yet-but-soon/,"internal crawl, sitemap",https://omayatravel.com/page-sitemap.xml,200,https://omayatravel.com/not-yet-but-soon/,tour/destination candidate,"Not Yet, But Soon - Omaya Travel",Not every month holds an adventure — but the next one is never far. See all available tours.,https://omayatravel.com/not-yet-but-soon/,"follow, index, max-snippet:-1, max-video-preview:-1, max-image-preview:large","Not Yet, But Soon | Not every month holds an adventure — but the next one is never far. See all available tours.",,"Article, BreadcrumbList, ImageObject, ListItem, Organization, Person, TravelAgency, WebPage, WebSite",3,33,https://omayatravel.com/calendar-2027/ | https://omayatravel.com/calendar/ | https://omayatravel.com/not-yet-but-soon/,https://omayatravel.com/not-yet-but-soon/ | https://omayatravel.com/tassili-najjer-national-park-algeria-guide/ | https://omayatravel.com/2026/07/ | https://omayatravel.com/the-complete-visitor-guide-to-rila-monastery/ | https://omayatravel.com/2026/04/ | https://omayatravel.com/ | https://omayatravel.com/tour-item/algeria-desert-expedition-tadrart-rouge/ | https://omayatravel.com/tour-item/bulgaria-trip/ | https://omayatravel.com/tour-item/safari-tour/ | https://omayatravel.com/tour-item/morocco-tour/ | https://omayatravel.com/classic-tours/ | https://omayatravel.com/women-only-tours/,https://www.facebook.com/tr?id=1606463407092899&ev=PageView&noscript=1 (alt: facebook) | https://i0.wp.com/omayatravel.com/wp-content/uploads/2018/02/logo-sidearea-1.png?fit=162%2C52&ssl=1 (alt: logo) | https://i0.wp.com/omayatravel.com/wp-content/uploads/2026/07/Algeria-Tassili-National-Park.webp?resize=150%2C150&ssl=1 (alt: Algeria Tassili n'Ajjer Desert Expedition) | https://i0.wp.com/omayatravel.com/wp-content/uploads/2026/04/Rila-Monastery-Article-2-Opt.webp?resize=150%2C150&ssl=1 (alt: MISSING) | https://omayatravel.com/wp-content/uploads/2026/04/Black_logo-e1781169999413.webp (alt: logo),/not-yet-but-soon/,keep or redirect,high,"Separate country, destination and tour intent during final route approval."
https://omayatravel.com/november-2026/,"internal crawl, sitemap",https://omayatravel.com/page-sitemap.xml,200,https://omayatravel.com/november-2026/,content page,November 2026 - Omaya Travel,,https://omayatravel.com/november-2026/,"index, follow, max-snippet:-1, max-video-preview:-1, max-image-preview:large",,,"Article, BreadcrumbList, ImageObject, ListItem, Organization, Person, TravelAgency, WebPage, WebSite",1,33,https://omayatravel.com/november-2026/,https://omayatravel.com/november-2026/ | https://omayatravel.com/tassili-najjer-national-park-algeria-guide/ | https://omayatravel.com/2026/07/ | https://omayatravel.com/the-complete-visitor-guide-to-rila-monastery/ | https://omayatravel.com/2026/04/ | https://omayatravel.com/ | https://omayatravel.com/tour-item/algeria-desert-expedition-tadrart-rouge/ | https://omayatravel.com/tour-item/bulgaria-trip/ | https://omayatravel.com/tour-item/safari-tour/ | https://omayatravel.com/tour-item/morocco-tour/ | https://omayatravel.com/classic-tours/ | https://omayatravel.com/women-only-tours/,https://www.facebook.com/tr?id=1606463407092899&ev=PageView&noscript=1 (alt: facebook) | https://i0.wp.com/omayatravel.com/wp-content/uploads/2018/02/logo-sidearea-1.png?fit=162%2C52&ssl=1 (alt: logo) | https://i0.wp.com/omayatravel.com/wp-content/uploads/2026/07/Algeria-Tassili-National-Park.webp?resize=150%2C150&ssl=1 (alt: Algeria Tassili n'Ajjer Desert Expedition) | https://i0.wp.com/omayatravel.com/wp-content/uploads/2026/04/Rila-Monastery-Article-2-Opt.webp?resize=150%2C150&ssl=1 (alt: MISSING) | https://omayatravel.com/wp-content/uploads/2026/04/Black_logo-e1781169999413.webp (alt: logo),/november-2026/,keep or redirect,medium,Route architecture should decide whether to preserve slug or consolidate.
https://omayatravel.com/november-2026/?preview_id=3865&preview_nonce=a231a2c829&_thumbnail_id=-1&preview=true,internal crawl,,403,https://omayatravel.com/november-2026/?preview_id=3865&preview_nonce=a231a2c829&_thumbnail_id=-1&preview=true,content page,WordPress › Error,,,"max-image-preview:large, noindex, follow",,,,1,0,https://omayatravel.com/calendar/,,,/november-2026/,noindex,low,Query/filter URL discovered; avoid indexing unless deliberately designed.
https://omayatravel.com/october-2026/,"internal crawl, sitemap",https://omayatravel.com/page-sitemap.xml,200,https://omayatravel.com/october-2026/,content page,October 2026 - Omaya Travel,,https://omayatravel.com/october-2026/,"index, follow, max-snippet:-1, max-video-preview:-1, max-image-preview:large",,,"Article, BreadcrumbList, ImageObject, ListItem, Organization, Person, TravelAgency, WebPage, WebSite",1,33,https://omayatravel.com/october-2026/,https://omayatravel.com/october-2026/ | https://omayatravel.com/tassili-najjer-national-park-algeria-guide/ | https://omayatravel.com/2026/07/ | https://omayatravel.com/the-complete-visitor-guide-to-rila-monastery/ | https://omayatravel.com/2026/04/ | https://omayatravel.com/ | https://omayatravel.com/tour-item/algeria-desert-expedition-tadrart-rouge/ | https://omayatravel.com/tour-item/bulgaria-trip/ | https://omayatravel.com/tour-item/safari-tour/ | https://omayatravel.com/tour-item/morocco-tour/ | https://omayatravel.com/classic-tours/ | https://omayatravel.com/women-only-tours/,https://www.facebook.com/tr?id=1606463407092899&ev=PageView&noscript=1 (alt: facebook) | https://i0.wp.com/omayatravel.com/wp-content/uploads/2018/02/logo-sidearea-1.png?fit=162%2C52&ssl=1 (alt: logo) | https://i0.wp.com/omayatravel.com/wp-content/uploads/2026/07/Algeria-Tassili-National-Park.webp?resize=150%2C150&ssl=1 (alt: Algeria Tassili n'Ajjer Desert Expedition) | https://i0.wp.com/omayatravel.com/wp-content/uploads/2026/04/Rila-Monastery-Article-2-Opt.webp?resize=150%2C150&ssl=1 (alt: MISSING) | https://omayatravel.com/wp-content/uploads/2026/04/Black_logo-e1781169999413.webp (alt: logo),/october-2026/,keep or redirect,medium,Route architecture should decide whether to preserve slug or consolidate.
https://omayatravel.com/october-2026/?preview=true,internal crawl,,200,https://omayatravel.com/october-2026/?preview=true,content page,October 2026 - Omaya Travel,,https://omayatravel.com/october-2026/,"index, follow, max-snippet:-1, max-video-preview:-1, max-image-preview:large",,,"Article, BreadcrumbList, ImageObject, ListItem, Organization, Person, TravelAgency, WebPage, WebSite",2,33,https://omayatravel.com/october-2026/?preview=true | https://omayatravel.com/calendar/,https://omayatravel.com/october-2026/?preview=true | https://omayatravel.com/tassili-najjer-national-park-algeria-guide/ | https://omayatravel.com/2026/07/ | https://omayatravel.com/the-complete-visitor-guide-to-rila-monastery/ | https://omayatravel.com/2026/04/ | https://omayatravel.com/ | https://omayatravel.com/tour-item/algeria-desert-expedition-tadrart-rouge/ | https://omayatravel.com/tour-item/bulgaria-trip/ | https://omayatravel.com/tour-item/safari-tour/ | https://omayatravel.com/tour-item/morocco-tour/ | https://omayatravel.com/classic-tours/ | https://omayatravel.com/women-only-tours/,https://www.facebook.com/tr?id=1606463407092899&ev=PageView&noscript=1 (alt: facebook) | https://i0.wp.com/omayatravel.com/wp-content/uploads/2018/02/logo-sidearea-1.png?fit=162%2C52&ssl=1 (alt: logo) | https://i0.wp.com/omayatravel.com/wp-content/uploads/2026/07/Algeria-Tassili-National-Park.webp?resize=150%2C150&ssl=1 (alt: Algeria Tassili n'Ajjer Desert Expedition) | https://i0.wp.com/omayatravel.com/wp-content/uploads/2026/04/Rila-Monastery-Article-2-Opt.webp?resize=150%2C150&ssl=1 (alt: MISSING) | https://omayatravel.com/wp-content/uploads/2026/04/Black_logo-e1781169999413.webp (alt: logo),/october-2026/,noindex,low,Query/filter URL discovered; avoid indexing unless deliberately designed.
https://omayatravel.com/omaya-travel-license/,"internal crawl, navigation/home crawl, sitemap",https://omayatravel.com/page-sitemap.xml,200,https://omayatravel.com/omaya-travel-license/,tour/destination candidate,Omaya Travel License — Registered Tour Operator | Ministry of Tourism,"Omaya Travel license and registration with the Bulgarian Ministry of Tourism (Reg. No. РК-01-8706) — verified tour operator and travel agency, EIK 208663654.",https://omayatravel.com/omaya-travel-license/,"index, follow, max-snippet:-1, max-video-preview:-1, max-image-preview:large",,Omaya Travel License & Registration Details,"Article, BreadcrumbList, ImageObject, ListItem, Organization, Person, TravelAgency, WebPage, WebSite",119,32,https://omayatravel.com/tabs/ | https://omayatravel.com/10-unmissable-places-to-visit-on-your-bulgaria-trip/ | https://omayatravel.com/checkout/ | https://omayatravel.com/wp-booking-calendar-time-appointments/ | https://omayatravel.com/countdown/ | https://omayatravel.com/tour-list-masonry/ | https://omayatravel.com/ | https://omayatravel.com/cookie-policy/ | https://omayatravel.com/dmc-partner-bulgaria/ | https://omayatravel.com/tour-carousel/ | https://omayatravel.com/2026/07/ | https://omayatravel.com/checkout-2/,https://omayatravel.com/omaya-travel-license/ | https://omayatravel.com/tassili-najjer-national-park-algeria-guide/ | https://omayatravel.com/2026/07/ | https://omayatravel.com/the-complete-visitor-guide-to-rila-monastery/ | https://omayatravel.com/2026/04/ | https://omayatravel.com/ | https://omayatravel.com/tour-item/algeria-desert-expedition-tadrart-rouge/ | https://omayatravel.com/tour-item/bulgaria-trip/ | https://omayatravel.com/tour-item/safari-tour/ | https://omayatravel.com/tour-item/morocco-tour/ | https://omayatravel.com/classic-tours/ | https://omayatravel.com/women-only-tours/,https://www.facebook.com/tr?id=1606463407092899&ev=PageView&noscript=1 (alt: facebook) | https://i0.wp.com/omayatravel.com/wp-content/uploads/2018/02/logo-sidearea-1.png?fit=162%2C52&ssl=1 (alt: logo) | https://i0.wp.com/omayatravel.com/wp-content/uploads/2026/07/Algeria-Tassili-National-Park.webp?resize=150%2C150&ssl=1 (alt: Algeria Tassili n'Ajjer Desert Expedition) | https://i0.wp.com/omayatravel.com/wp-content/uploads/2026/04/Rila-Monastery-Article-2-Opt.webp?resize=150%2C150&ssl=1 (alt: MISSING) | https://omayatravel.com/wp-content/uploads/2026/04/Black_logo-e1781169999413.webp (alt: logo),/omaya-travel-license/,keep or redirect,high,"Separate country, destination and tour intent during final route approval."
https://omayatravel.com/our-story/,"internal crawl, navigation/home crawl, sitemap",https://omayatravel.com/page-sitemap.xml,200,https://omayatravel.com/our-story/,tour/destination candidate,Our story - Omaya Travel,"We were both on our way to high school, living in the same neighbourhood and commuting to class each morning. Sharing that ride quickly turned into sharing",https://omayatravel.com/our-story/,"follow, index, max-snippet:-1, max-video-preview:-1, max-image-preview:large","Our story | The Faces Behind the Story | l hold a degree in Tourism and have spent the past 10+ years working in travel planning and logistics for both leisure and business trips. I've had the opportunity to organise journeys for travellers from all over the world, making sure every detail is carefully arranged and each trip runs as smoothly as possible. At Omaya, I bring that same attention to detail into designing journeys that feel seamless for the traveller. | I've spent years working across",Meet Vesislava | Meet Nesi,"Article, BreadcrumbList, ImageObject, ListItem, Organization, Person, TravelAgency, WebPage, WebSite",124,32,https://omayatravel.com/tabs/ | https://omayatravel.com/10-unmissable-places-to-visit-on-your-bulgaria-trip/ | https://omayatravel.com/checkout/ | https://omayatravel.com/wp-booking-calendar-time-appointments/ | https://omayatravel.com/countdown/ | https://omayatravel.com/tour-list-masonry/ | https://omayatravel.com/ | https://omayatravel.com/cookie-policy/ | https://omayatravel.com/dmc-partner-bulgaria/ | https://omayatravel.com/tour-carousel/ | https://omayatravel.com/2026/07/ | https://omayatravel.com/checkout-2/,https://omayatravel.com/our-story/ | https://omayatravel.com/tassili-najjer-national-park-algeria-guide/ | https://omayatravel.com/2026/07/ | https://omayatravel.com/the-complete-visitor-guide-to-rila-monastery/ | https://omayatravel.com/2026/04/ | https://omayatravel.com/ | https://omayatravel.com/tour-item/algeria-desert-expedition-tadrart-rouge/ | https://omayatravel.com/tour-item/bulgaria-trip/ | https://omayatravel.com/tour-item/safari-tour/ | https://omayatravel.com/tour-item/morocco-tour/ | https://omayatravel.com/classic-tours/ | https://omayatravel.com/women-only-tours/,https://www.facebook.com/tr?id=1606463407092899&ev=PageView&noscript=1 (alt: facebook) | https://i0.wp.com/omayatravel.com/wp-content/uploads/2018/02/logo-sidearea-1.png?fit=162%2C52&ssl=1 (alt: logo) | https://i0.wp.com/omayatravel.com/wp-content/uploads/2026/07/Algeria-Tassili-National-Park.webp?resize=150%2C150&ssl=1 (alt: Algeria Tassili n'Ajjer Desert Expedition) | https://i0.wp.com/omayatravel.com/wp-content/uploads/2026/04/Rila-Monastery-Article-2-Opt.webp?resize=150%2C150&ssl=1 (alt: MISSING) | https://omayatravel.com/wp-content/uploads/2026/04/Black_logo-e1781169999413.webp (alt: logo),/our-story/,keep or redirect,high,"Separate country, destination and tour intent during final route approval."
https://omayatravel.com/parallax-sections/,sitemap,https://omayatravel.com/page-sitemap.xml,200,https://omayatravel.com/parallax-sections/,content page,Parallax Sections - Omaya Travel,,https://omayatravel.com/parallax-sections/,"follow, index, max-snippet:-1, max-video-preview:-1, max-image-preview:large",Parallax Sections | Enjoy Traveling | Choose A Destination | Explore The World,,"Article, BreadcrumbList, ImageObject, ListItem, Organization, Person, TravelAgency, WebPage, WebSite",1,33,https://omayatravel.com/parallax-sections/,https://omayatravel.com/parallax-sections/ | https://omayatravel.com/tassili-najjer-national-park-algeria-guide/ | https://omayatravel.com/2026/07/ | https://omayatravel.com/the-complete-visitor-guide-to-rila-monastery/ | https://omayatravel.com/2026/04/ | https://omayatravel.com/ | https://omayatravel.com/tour-item/algeria-desert-expedition-tadrart-rouge/ | https://omayatravel.com/tour-item/bulgaria-trip/ | https://omayatravel.com/tour-item/safari-tour/ | https://omayatravel.com/tour-item/morocco-tour/ | https://omayatravel.com/classic-tours/ | https://omayatravel.com/women-only-tours/,https://www.facebook.com/tr?id=1606463407092899&ev=PageView&noscript=1 (alt: facebook) | https://i0.wp.com/omayatravel.com/wp-content/uploads/2018/02/logo-sidearea-1.png?fit=162%2C52&ssl=1 (alt: logo) | https://i0.wp.com/omayatravel.com/wp-content/uploads/2026/07/Algeria-Tassili-National-Park.webp?resize=150%2C150&ssl=1 (alt: Algeria Tassili n'Ajjer Desert Expedition) | https://i0.wp.com/omayatravel.com/wp-content/uploads/2026/04/Rila-Monastery-Article-2-Opt.webp?resize=150%2C150&ssl=1 (alt: MISSING) | https://omayatravel.com/wp-content/uploads/2026/04/Black_logo-e1781169999413.webp (alt: logo),/parallax-sections/,keep or redirect,medium,Route architecture should decide whether to preserve slug or consolidate.
https://omayatravel.com/privacy-policy/,"internal crawl, sitemap",https://omayatravel.com/page-sitemap.xml,200,https://omayatravel.com/privacy-policy/,static page,Privacy Policy - Omaya Travel,We respect your privacy and are committed to protecting your personal data.,https://omayatravel.com/privacy-policy/,"follow, index, max-snippet:-1, max-video-preview:-1, max-image-preview:large",Privacy Policy,,"Article, BreadcrumbList, ImageObject, ListItem, Organization, Person, TravelAgency, WebPage, WebSite",2,33,https://omayatravel.com/enquire-now/ | https://omayatravel.com/privacy-policy/,https://omayatravel.com/privacy-policy/ | https://omayatravel.com/tassili-najjer-national-park-algeria-guide/ | https://omayatravel.com/2026/07/ | https://omayatravel.com/the-complete-visitor-guide-to-rila-monastery/ | https://omayatravel.com/2026/04/ | https://omayatravel.com/ | https://omayatravel.com/tour-item/algeria-desert-expedition-tadrart-rouge/ | https://omayatravel.com/tour-item/bulgaria-trip/ | https://omayatravel.com/tour-item/safari-tour/ | https://omayatravel.com/tour-item/morocco-tour/ | https://omayatravel.com/classic-tours/ | https://omayatravel.com/women-only-tours/,https://www.facebook.com/tr?id=1606463407092899&ev=PageView&noscript=1 (alt: facebook) | https://i0.wp.com/omayatravel.com/wp-content/uploads/2018/02/logo-sidearea-1.png?fit=162%2C52&ssl=1 (alt: logo) | https://i0.wp.com/omayatravel.com/wp-content/uploads/2026/07/Algeria-Tassili-National-Park.webp?resize=150%2C150&ssl=1 (alt: Algeria Tassili n'Ajjer Desert Expedition) | https://i0.wp.com/omayatravel.com/wp-content/uploads/2026/04/Rila-Monastery-Article-2-Opt.webp?resize=150%2C150&ssl=1 (alt: MISSING) | https://omayatravel.com/wp-content/uploads/2026/04/Black_logo-e1781169999413.webp (alt: logo),/privacy-policy/,keep,medium,Preserve static trust/conversion page where practical.
https://omayatravel.com/private-tours-your-trip-your-rules/,"internal crawl, navigation/home crawl, sitemap",https://omayatravel.com/page-sitemap.xml,200,https://omayatravel.com/private-tours-your-trip-your-rules/,tour/destination candidate,"Private Tours - Bulgaria, Morocco, Kyrgyzstan & Algeria | Omaya Travel","Custom private tours in Bulgaria, Morocco, Kyrgyzstan, and Algeria - your own itinerary, your own pace, tailored entirely around you.",https://omayatravel.com/private-tours-your-trip-your-rules/,"follow, index, max-snippet:-1, max-video-preview:-1, max-image-preview:large","Private Tours — Your Trip, Your Rules",What Is a Private Tour?,"Article, BreadcrumbList, ImageObject, ListItem, Organization, Person, TravelAgency, WebPage, WebSite",124,33,https://omayatravel.com/tabs/ | https://omayatravel.com/10-unmissable-places-to-visit-on-your-bulgaria-trip/ | https://omayatravel.com/checkout/ | https://omayatravel.com/wp-booking-calendar-time-appointments/ | https://omayatravel.com/countdown/ | https://omayatravel.com/tour-list-masonry/ | https://omayatravel.com/ | https://omayatravel.com/cookie-policy/ | https://omayatravel.com/dmc-partner-bulgaria/ | https://omayatravel.com/tour-carousel/ | https://omayatravel.com/2026/07/ | https://omayatravel.com/checkout-2/,https://omayatravel.com/private-tours-your-trip-your-rules/ | https://omayatravel.com/tassili-najjer-national-park-algeria-guide/ | https://omayatravel.com/2026/07/ | https://omayatravel.com/the-complete-visitor-guide-to-rila-monastery/ | https://omayatravel.com/2026/04/ | https://omayatravel.com/ | https://omayatravel.com/tour-item/algeria-desert-expedition-tadrart-rouge/ | https://omayatravel.com/tour-item/bulgaria-trip/ | https://omayatravel.com/tour-item/safari-tour/ | https://omayatravel.com/tour-item/morocco-tour/ | https://omayatravel.com/classic-tours/ | https://omayatravel.com/women-only-tours/,https://www.facebook.com/tr?id=1606463407092899&ev=PageView&noscript=1 (alt: facebook) | https://i0.wp.com/omayatravel.com/wp-content/uploads/2018/02/logo-sidearea-1.png?fit=162%2C52&ssl=1 (alt: logo) | https://i0.wp.com/omayatravel.com/wp-content/uploads/2026/07/Algeria-Tassili-National-Park.webp?resize=150%2C150&ssl=1 (alt: Algeria Tassili n'Ajjer Desert Expedition) | https://i0.wp.com/omayatravel.com/wp-content/uploads/2026/04/Rila-Monastery-Article-2-Opt.webp?resize=150%2C150&ssl=1 (alt: MISSING) | https://omayatravel.com/wp-content/uploads/2026/04/Black_logo-e1781169999413.webp (alt: logo),/private-tours-your-trip-your-rules/,keep or redirect,high,"Separate country, destination and tour intent during final route approval."
https://omayatravel.com/progress-bar/,sitemap,https://omayatravel.com/page-sitemap.xml,200,https://omayatravel.com/progress-bar/,content page,Progress Bar - Omaya Travel,,https://omayatravel.com/progress-bar/,"follow, index, max-snippet:-1, max-video-preview:-1, max-image-preview:large",Progress Bar,,"Article, BreadcrumbList, ImageObject, ListItem, Organization, Person, TravelAgency, WebPage, WebSite",1,33,https://omayatravel.com/progress-bar/,https://omayatravel.com/progress-bar/ | https://omayatravel.com/tassili-najjer-national-park-algeria-guide/ | https://omayatravel.com/2026/07/ | https://omayatravel.com/the-complete-visitor-guide-to-rila-monastery/ | https://omayatravel.com/2026/04/ | https://omayatravel.com/ | https://omayatravel.com/tour-item/algeria-desert-expedition-tadrart-rouge/ | https://omayatravel.com/tour-item/bulgaria-trip/ | https://omayatravel.com/tour-item/safari-tour/ | https://omayatravel.com/tour-item/morocco-tour/ | https://omayatravel.com/classic-tours/ | https://omayatravel.com/women-only-tours/,https://www.facebook.com/tr?id=1606463407092899&ev=PageView&noscript=1 (alt: facebook) | https://i0.wp.com/omayatravel.com/wp-content/uploads/2018/02/logo-sidearea-1.png?fit=162%2C52&ssl=1 (alt: logo) | https://i0.wp.com/omayatravel.com/wp-content/uploads/2026/07/Algeria-Tassili-National-Park.webp?resize=150%2C150&ssl=1 (alt: Algeria Tassili n'Ajjer Desert Expedition) | https://i0.wp.com/omayatravel.com/wp-content/uploads/2026/04/Rila-Monastery-Article-2-Opt.webp?resize=150%2C150&ssl=1 (alt: MISSING) | https://omayatravel.com/wp-content/uploads/2026/04/Black_logo-e1781169999413.webp (alt: logo),/progress-bar/,keep or redirect,medium,Route architecture should decide whether to preserve slug or consolidate.
https://omayatravel.com/sample-page/,"internal crawl, sitemap",https://omayatravel.com/page-sitemap.xml,200,https://omayatravel.com/sample-page/,content page,Sample Page - Omaya Travel,This is an example page. It's different from a blog post because it will stay in one place and will show up in your site navigation (in most themes). Most,https://omayatravel.com/sample-page/,"follow, index, max-snippet:-1, max-video-preview:-1, max-image-preview:large",Sample Page,,"Article, BreadcrumbList, ImageObject, ListItem, Organization, Person, TravelAgency, WebPage, WebSite",1,34,https://omayatravel.com/sample-page/,https://omayatravel.com/sample-page/ | https://omayatravel.com/tassili-najjer-national-park-algeria-guide/ | https://omayatravel.com/2026/07/ | https://omayatravel.com/the-complete-visitor-guide-to-rila-monastery/ | https://omayatravel.com/2026/04/ | https://omayatravel.com/ | https://omayatravel.com/tour-item/algeria-desert-expedition-tadrart-rouge/ | https://omayatravel.com/tour-item/bulgaria-trip/ | https://omayatravel.com/tour-item/safari-tour/ | https://omayatravel.com/tour-item/morocco-tour/ | https://omayatravel.com/classic-tours/ | https://omayatravel.com/women-only-tours/,https://www.facebook.com/tr?id=1606463407092899&ev=PageView&noscript=1 (alt: facebook) | https://i0.wp.com/omayatravel.com/wp-content/uploads/2018/02/logo-sidearea-1.png?fit=162%2C52&ssl=1 (alt: logo) | https://i0.wp.com/omayatravel.com/wp-content/uploads/2026/07/Algeria-Tassili-National-Park.webp?resize=150%2C150&ssl=1 (alt: Algeria Tassili n'Ajjer Desert Expedition) | https://i0.wp.com/omayatravel.com/wp-content/uploads/2026/04/Rila-Monastery-Article-2-Opt.webp?resize=150%2C150&ssl=1 (alt: MISSING) | https://omayatravel.com/wp-content/uploads/2026/04/Black_logo-e1781169999413.webp (alt: logo),/sample-page/,keep or redirect,medium,Route architecture should decide whether to preserve slug or consolidate.
https://omayatravel.com/separators/,"internal crawl, sitemap",https://omayatravel.com/page-sitemap.xml,200,https://omayatravel.com/separators/,content page,Separators - Omaya Travel,"Alienum phaedrum torquatos nec eu, visdetraxit periculis ex, nihil expetendis in mei. Eos ei nisl graecis, aperiri cons an. Eius lorem tincidunt.Donec quam",https://omayatravel.com/separators/,"follow, index, max-snippet:-1, max-video-preview:-1, max-image-preview:large",Separators,,"Article, BreadcrumbList, ImageObject, ListItem, Organization, Person, TravelAgency, WebPage, WebSite",1,33,https://omayatravel.com/separators/,https://omayatravel.com/separators/ | https://omayatravel.com/tassili-najjer-national-park-algeria-guide/ | https://omayatravel.com/2026/07/ | https://omayatravel.com/the-complete-visitor-guide-to-rila-monastery/ | https://omayatravel.com/2026/04/ | https://omayatravel.com/ | https://omayatravel.com/tour-item/algeria-desert-expedition-tadrart-rouge/ | https://omayatravel.com/tour-item/bulgaria-trip/ | https://omayatravel.com/tour-item/safari-tour/ | https://omayatravel.com/tour-item/morocco-tour/ | https://omayatravel.com/classic-tours/ | https://omayatravel.com/women-only-tours/,https://www.facebook.com/tr?id=1606463407092899&ev=PageView&noscript=1 (alt: facebook) | https://i0.wp.com/omayatravel.com/wp-content/uploads/2018/02/logo-sidearea-1.png?fit=162%2C52&ssl=1 (alt: logo) | https://i0.wp.com/omayatravel.com/wp-content/uploads/2026/07/Algeria-Tassili-National-Park.webp?resize=150%2C150&ssl=1 (alt: Algeria Tassili n'Ajjer Desert Expedition) | https://i0.wp.com/omayatravel.com/wp-content/uploads/2026/04/Rila-Monastery-Article-2-Opt.webp?resize=150%2C150&ssl=1 (alt: MISSING) | https://omayatravel.com/wp-content/uploads/2026/04/Black_logo-e1781169999413.webp (alt: logo),/separators/,keep or redirect,medium,Route architecture should decide whether to preserve slug or consolidate.
https://omayatravel.com/september-2027/,"internal crawl, sitemap",https://omayatravel.com/page-sitemap.xml,200,https://omayatravel.com/september-2027/,content page,September 2027 - Omaya Travel,,https://omayatravel.com/september-2027/,"index, follow, max-snippet:-1, max-video-preview:-1, max-image-preview:large",,,"Article, BreadcrumbList, ImageObject, ListItem, Organization, Person, TravelAgency, WebPage, WebSite",1,35,https://omayatravel.com/september-2027/,https://omayatravel.com/september-2027/ | https://omayatravel.com/tassili-najjer-national-park-algeria-guide/ | https://omayatravel.com/2026/07/ | https://omayatravel.com/the-complete-visitor-guide-to-rila-monastery/ | https://omayatravel.com/2026/04/ | https://omayatravel.com/ | https://omayatravel.com/tour-item/algeria-desert-expedition-tadrart-rouge/ | https://omayatravel.com/tour-item/bulgaria-trip/ | https://omayatravel.com/tour-item/safari-tour/ | https://omayatravel.com/tour-item/morocco-tour/ | https://omayatravel.com/classic-tours/ | https://omayatravel.com/women-only-tours/,https://www.facebook.com/tr?id=1606463407092899&ev=PageView&noscript=1 (alt: facebook) | https://i0.wp.com/omayatravel.com/wp-content/uploads/2018/02/logo-sidearea-1.png?fit=162%2C52&ssl=1 (alt: logo) | https://i0.wp.com/omayatravel.com/wp-content/uploads/2026/07/Algeria-Tassili-National-Park.webp?resize=150%2C150&ssl=1 (alt: Algeria Tassili n'Ajjer Desert Expedition) | https://i0.wp.com/omayatravel.com/wp-content/uploads/2026/04/Rila-Monastery-Article-2-Opt.webp?resize=150%2C150&ssl=1 (alt: MISSING) | https://omayatravel.com/wp-content/uploads/2026/04/Black_logo-e1781169999413.webp (alt: logo),/september-2027/,keep or redirect,medium,Route architecture should decide whether to preserve slug or consolidate.
https://omayatravel.com/september-2027/?preview=true,internal crawl,,200,https://omayatravel.com/september-2027/?preview=true,content page,September 2027 - Omaya Travel,,https://omayatravel.com/september-2027/,"index, follow, max-snippet:-1, max-video-preview:-1, max-image-preview:large",,,"Article, BreadcrumbList, ImageObject, ListItem, Organization, Person, TravelAgency, WebPage, WebSite",2,35,https://omayatravel.com/september-2027/?preview=true | https://omayatravel.com/calendar-2027/,https://omayatravel.com/september-2027/?preview=true | https://omayatravel.com/tassili-najjer-national-park-algeria-guide/ | https://omayatravel.com/2026/07/ | https://omayatravel.com/the-complete-visitor-guide-to-rila-monastery/ | https://omayatravel.com/2026/04/ | https://omayatravel.com/ | https://omayatravel.com/tour-item/algeria-desert-expedition-tadrart-rouge/ | https://omayatravel.com/tour-item/bulgaria-trip/ | https://omayatravel.com/tour-item/safari-tour/ | https://omayatravel.com/tour-item/morocco-tour/ | https://omayatravel.com/classic-tours/ | https://omayatravel.com/women-only-tours/,https://www.facebook.com/tr?id=1606463407092899&ev=PageView&noscript=1 (alt: facebook) | https://i0.wp.com/omayatravel.com/wp-content/uploads/2018/02/logo-sidearea-1.png?fit=162%2C52&ssl=1 (alt: logo) | https://i0.wp.com/omayatravel.com/wp-content/uploads/2026/07/Algeria-Tassili-National-Park.webp?resize=150%2C150&ssl=1 (alt: Algeria Tassili n'Ajjer Desert Expedition) | https://i0.wp.com/omayatravel.com/wp-content/uploads/2026/04/Rila-Monastery-Article-2-Opt.webp?resize=150%2C150&ssl=1 (alt: MISSING) | https://omayatravel.com/wp-content/uploads/2026/04/Black_logo-e1781169999413.webp (alt: logo),/september-2027/,noindex,low,Query/filter URL discovered; avoid indexing unless deliberately designed.
https://omayatravel.com/shop-2/,sitemap,https://omayatravel.com/page-sitemap.xml,200,https://omayatravel.com/shop-2/,content page,Shop - Omaya Travel,,https://omayatravel.com/shop-2/,"follow, index, max-snippet:-1, max-video-preview:-1, max-image-preview:large",Shop,,"Article, BreadcrumbList, ImageObject, ListItem, Organization, Person, TravelAgency, WebPage, WebSite",1,33,https://omayatravel.com/shop-2/,https://omayatravel.com/shop-2/ | https://omayatravel.com/tassili-najjer-national-park-algeria-guide/ | https://omayatravel.com/2026/07/ | https://omayatravel.com/the-complete-visitor-guide-to-rila-monastery/ | https://omayatravel.com/2026/04/ | https://omayatravel.com/ | https://omayatravel.com/tour-item/algeria-desert-expedition-tadrart-rouge/ | https://omayatravel.com/tour-item/bulgaria-trip/ | https://omayatravel.com/tour-item/safari-tour/ | https://omayatravel.com/tour-item/morocco-tour/ | https://omayatravel.com/classic-tours/ | https://omayatravel.com/women-only-tours/,https://www.facebook.com/tr?id=1606463407092899&ev=PageView&noscript=1 (alt: facebook) | https://i0.wp.com/omayatravel.com/wp-content/uploads/2018/02/logo-sidearea-1.png?fit=162%2C52&ssl=1 (alt: logo) | https://i0.wp.com/omayatravel.com/wp-content/uploads/2026/07/Algeria-Tassili-National-Park.webp?resize=150%2C150&ssl=1 (alt: Algeria Tassili n'Ajjer Desert Expedition) | https://i0.wp.com/omayatravel.com/wp-content/uploads/2026/04/Rila-Monastery-Article-2-Opt.webp?resize=150%2C150&ssl=1 (alt: MISSING) | https://omayatravel.com/wp-content/uploads/2026/04/Black_logo-e1781169999413.webp (alt: logo),/shop-2/,keep or redirect,medium,Route architecture should decide whether to preserve slug or consolidate.
https://omayatravel.com/shop/,"internal crawl, sitemap",https://omayatravel.com/page-sitemap.xml,200,https://omayatravel.com/shop/,content page,Shop - Omaya Travel,,https://omayatravel.com/shop/,"follow, index, max-snippet:-1, max-video-preview:-1, max-image-preview:large",Shop,,"Article, BreadcrumbList, ImageObject, ListItem, Organization, Person, TravelAgency, WebPage, WebSite",1,33,https://omayatravel.com/shop/,https://omayatravel.com/shop/ | https://omayatravel.com/tassili-najjer-national-park-algeria-guide/ | https://omayatravel.com/2026/07/ | https://omayatravel.com/the-complete-visitor-guide-to-rila-monastery/ | https://omayatravel.com/2026/04/ | https://omayatravel.com/ | https://omayatravel.com/tour-item/algeria-desert-expedition-tadrart-rouge/ | https://omayatravel.com/tour-item/bulgaria-trip/ | https://omayatravel.com/tour-item/safari-tour/ | https://omayatravel.com/tour-item/morocco-tour/ | https://omayatravel.com/classic-tours/ | https://omayatravel.com/women-only-tours/,https://www.facebook.com/tr?id=1606463407092899&ev=PageView&noscript=1 (alt: facebook) | https://i0.wp.com/omayatravel.com/wp-content/uploads/2018/02/logo-sidearea-1.png?fit=162%2C52&ssl=1 (alt: logo) | https://i0.wp.com/omayatravel.com/wp-content/uploads/2026/07/Algeria-Tassili-National-Park.webp?resize=150%2C150&ssl=1 (alt: Algeria Tassili n'Ajjer Desert Expedition) | https://i0.wp.com/omayatravel.com/wp-content/uploads/2026/04/Rila-Monastery-Article-2-Opt.webp?resize=150%2C150&ssl=1 (alt: MISSING) | https://omayatravel.com/wp-content/uploads/2026/04/Black_logo-e1781169999413.webp (alt: logo),/shop/,keep or redirect,medium,Route architecture should decide whether to preserve slug or consolidate.
https://omayatravel.com/solo-travellers-tours/,"internal crawl, sitemap",https://omayatravel.com/page-sitemap.xml,200,https://omayatravel.com/solo-travellers-tours/,tour/destination candidate,Solo Travellers Tours - Omaya Travel,,https://omayatravel.com/solo-travellers-tours/,"index, follow, max-snippet:-1, max-video-preview:-1, max-image-preview:large",Solo Travellers Tours,,"Article, BreadcrumbList, ImageObject, ListItem, Organization, Person, TravelAgency, WebPage, WebSite",1,34,https://omayatravel.com/solo-travellers-tours/,https://omayatravel.com/solo-travellers-tours/ | https://omayatravel.com/tassili-najjer-national-park-algeria-guide/ | https://omayatravel.com/2026/07/ | https://omayatravel.com/the-complete-visitor-guide-to-rila-monastery/ | https://omayatravel.com/2026/04/ | https://omayatravel.com/ | https://omayatravel.com/tour-item/algeria-desert-expedition-tadrart-rouge/ | https://omayatravel.com/tour-item/bulgaria-trip/ | https://omayatravel.com/tour-item/safari-tour/ | https://omayatravel.com/tour-item/morocco-tour/ | https://omayatravel.com/classic-tours/ | https://omayatravel.com/women-only-tours/,https://www.facebook.com/tr?id=1606463407092899&ev=PageView&noscript=1 (alt: facebook) | https://i0.wp.com/omayatravel.com/wp-content/uploads/2018/02/logo-sidearea-1.png?fit=162%2C52&ssl=1 (alt: logo) | https://i0.wp.com/omayatravel.com/wp-content/uploads/2026/07/Algeria-Tassili-National-Park.webp?resize=150%2C150&ssl=1 (alt: Algeria Tassili n'Ajjer Desert Expedition) | https://i0.wp.com/omayatravel.com/wp-content/uploads/2026/04/Rila-Monastery-Article-2-Opt.webp?resize=150%2C150&ssl=1 (alt: MISSING) | https://omayatravel.com/wp-content/uploads/2026/04/Black_logo-e1781169999413.webp (alt: logo),/solo-travellers-tours/,keep or redirect,high,"Separate country, destination and tour intent during final route approval."
https://omayatravel.com/solo-travellers/,"internal crawl, sitemap",https://omayatravel.com/page-sitemap.xml,200,https://omayatravel.com/solo-travellers/,content page,Solo Travellers - Omaya Travel,,https://omayatravel.com/solo-travellers/,"index, follow, max-snippet:-1, max-video-preview:-1, max-image-preview:large",Solo Travellers,,"Article, BreadcrumbList, ImageObject, ListItem, Organization, Person, TravelAgency, WebPage, WebSite",1,34,https://omayatravel.com/solo-travellers/,https://omayatravel.com/solo-travellers/ | https://omayatravel.com/tassili-najjer-national-park-algeria-guide/ | https://omayatravel.com/2026/07/ | https://omayatravel.com/the-complete-visitor-guide-to-rila-monastery/ | https://omayatravel.com/2026/04/ | https://omayatravel.com/ | https://omayatravel.com/tour-item/algeria-desert-expedition-tadrart-rouge/ | https://omayatravel.com/tour-item/bulgaria-trip/ | https://omayatravel.com/tour-item/safari-tour/ | https://omayatravel.com/tour-item/morocco-tour/ | https://omayatravel.com/classic-tours/ | https://omayatravel.com/women-only-tours/,https://www.facebook.com/tr?id=1606463407092899&ev=PageView&noscript=1 (alt: facebook) | https://i0.wp.com/omayatravel.com/wp-content/uploads/2018/02/logo-sidearea-1.png?fit=162%2C52&ssl=1 (alt: logo) | https://i0.wp.com/omayatravel.com/wp-content/uploads/2026/07/Algeria-Tassili-National-Park.webp?resize=150%2C150&ssl=1 (alt: Algeria Tassili n'Ajjer Desert Expedition) | https://i0.wp.com/omayatravel.com/wp-content/uploads/2026/04/Rila-Monastery-Article-2-Opt.webp?resize=150%2C150&ssl=1 (alt: MISSING) | https://omayatravel.com/wp-content/uploads/2026/04/Black_logo-e1781169999413.webp (alt: logo),/solo-travellers/,keep or redirect,medium,Route architecture should decide whether to preserve slug or consolidate.
https://omayatravel.com/solo-travellers/?preview=true,navigation/home crawl,,200,https://omayatravel.com/solo-travellers/?preview=true,content page,Solo Travellers - Omaya Travel,,https://omayatravel.com/solo-travellers/,"index, follow, max-snippet:-1, max-video-preview:-1, max-image-preview:large",Solo Travellers,,"Article, BreadcrumbList, ImageObject, ListItem, Organization, Person, TravelAgency, WebPage, WebSite",124,33,https://omayatravel.com/tabs/ | https://omayatravel.com/10-unmissable-places-to-visit-on-your-bulgaria-trip/ | https://omayatravel.com/checkout/ | https://omayatravel.com/wp-booking-calendar-time-appointments/ | https://omayatravel.com/countdown/ | https://omayatravel.com/tour-list-masonry/ | https://omayatravel.com/ | https://omayatravel.com/cookie-policy/ | https://omayatravel.com/dmc-partner-bulgaria/ | https://omayatravel.com/tour-carousel/ | https://omayatravel.com/2026/07/ | https://omayatravel.com/checkout-2/,https://omayatravel.com/solo-travellers/?preview=true | https://omayatravel.com/tassili-najjer-national-park-algeria-guide/ | https://omayatravel.com/2026/07/ | https://omayatravel.com/the-complete-visitor-guide-to-rila-monastery/ | https://omayatravel.com/2026/04/ | https://omayatravel.com/ | https://omayatravel.com/tour-item/algeria-desert-expedition-tadrart-rouge/ | https://omayatravel.com/tour-item/bulgaria-trip/ | https://omayatravel.com/tour-item/safari-tour/ | https://omayatravel.com/tour-item/morocco-tour/ | https://omayatravel.com/classic-tours/ | https://omayatravel.com/women-only-tours/,https://www.facebook.com/tr?id=1606463407092899&ev=PageView&noscript=1 (alt: facebook) | https://i0.wp.com/omayatravel.com/wp-content/uploads/2018/02/logo-sidearea-1.png?fit=162%2C52&ssl=1 (alt: logo) | https://i0.wp.com/omayatravel.com/wp-content/uploads/2026/07/Algeria-Tassili-National-Park.webp?resize=150%2C150&ssl=1 (alt: Algeria Tassili n'Ajjer Desert Expedition) | https://i0.wp.com/omayatravel.com/wp-content/uploads/2026/04/Rila-Monastery-Article-2-Opt.webp?resize=150%2C150&ssl=1 (alt: MISSING) | https://omayatravel.com/wp-content/uploads/2026/04/Black_logo-e1781169999413.webp (alt: logo),/solo-travellers/,noindex,low,Query/filter URL discovered; avoid indexing unless deliberately designed.
https://omayatravel.com/tabs/,sitemap,https://omayatravel.com/page-sitemap.xml,200,https://omayatravel.com/tabs/,content page,Tabs - Omaya Travel,"Alienum phaedrum torquatos nec eu, vis detraxit periculis ex, nihil expetendis in mei. Mei an pericula euripidis, hinc partem ei est. Eos ei nisl graecis, vix",https://omayatravel.com/tabs/,"follow, index, max-snippet:-1, max-video-preview:-1, max-image-preview:large",Tabs,,"Article, BreadcrumbList, ImageObject, ListItem, Organization, Person, TravelAgency, WebPage, WebSite",1,33,https://omayatravel.com/tabs/,https://omayatravel.com/tabs/ | https://omayatravel.com/tassili-najjer-national-park-algeria-guide/ | https://omayatravel.com/2026/07/ | https://omayatravel.com/the-complete-visitor-guide-to-rila-monastery/ | https://omayatravel.com/2026/04/ | https://omayatravel.com/ | https://omayatravel.com/tour-item/algeria-desert-expedition-tadrart-rouge/ | https://omayatravel.com/tour-item/bulgaria-trip/ | https://omayatravel.com/tour-item/safari-tour/ | https://omayatravel.com/tour-item/morocco-tour/ | https://omayatravel.com/classic-tours/ | https://omayatravel.com/women-only-tours/,https://www.facebook.com/tr?id=1606463407092899&ev=PageView&noscript=1 (alt: facebook) | https://i0.wp.com/omayatravel.com/wp-content/uploads/2018/02/logo-sidearea-1.png?fit=162%2C52&ssl=1 (alt: logo) | https://i0.wp.com/omayatravel.com/wp-content/uploads/2026/07/Algeria-Tassili-National-Park.webp?resize=150%2C150&ssl=1 (alt: Algeria Tassili n'Ajjer Desert Expedition) | https://i0.wp.com/omayatravel.com/wp-content/uploads/2026/04/Rila-Monastery-Article-2-Opt.webp?resize=150%2C150&ssl=1 (alt: MISSING) | https://omayatravel.com/wp-content/uploads/2026/04/Black_logo-e1781169999413.webp (alt: logo),/tabs/,keep or redirect,medium,Route architecture should decide whether to preserve slug or consolidate.
https://omayatravel.com/tassili-najjer-national-park-algeria-guide/,"navigation/home crawl, sitemap",https://omayatravel.com/post-sitemap.xml,200,https://omayatravel.com/tassili-najjer-national-park-algeria-guide/,blog/article,Tassili n'Ajjer National Park: A Guide to Algeria's Sahara,"What you need to know about visiting Tassili n'Ajjer National Park in Algeria - history, rock art, safety, permits, packing, and what the trip looks like.",https://omayatravel.com/tassili-najjer-national-park-algeria-guide/,"index, follow, max-snippet:-1, max-video-preview:-1, max-image-preview:large",Tassili n’Ajjer National Park: A Guide to Algeria’s Breathtaking Sahara Wilderness,,"BlogPosting, BreadcrumbList, ImageObject, ListItem, Organization, Person, TravelAgency, WebPage, WebSite",124,37,https://omayatravel.com/tabs/ | https://omayatravel.com/10-unmissable-places-to-visit-on-your-bulgaria-trip/ | https://omayatravel.com/checkout/ | https://omayatravel.com/wp-booking-calendar-time-appointments/ | https://omayatravel.com/countdown/ | https://omayatravel.com/tour-list-masonry/ | https://omayatravel.com/ | https://omayatravel.com/cookie-policy/ | https://omayatravel.com/dmc-partner-bulgaria/ | https://omayatravel.com/tour-carousel/ | https://omayatravel.com/2026/07/ | https://omayatravel.com/checkout-2/,https://omayatravel.com/tassili-najjer-national-park-algeria-guide/ | https://omayatravel.com/2026/07/ | https://omayatravel.com/the-complete-visitor-guide-to-rila-monastery/ | https://omayatravel.com/2026/04/ | https://omayatravel.com/ | https://omayatravel.com/tour-item/algeria-desert-expedition-tadrart-rouge/ | https://omayatravel.com/tour-item/bulgaria-trip/ | https://omayatravel.com/tour-item/safari-tour/ | https://omayatravel.com/tour-item/morocco-tour/ | https://omayatravel.com/classic-tours/ | https://omayatravel.com/women-only-tours/ | https://omayatravel.com/solo-travellers/?preview=true,https://www.facebook.com/tr?id=1606463407092899&ev=PageView&noscript=1 (alt: facebook) | https://i0.wp.com/omayatravel.com/wp-content/uploads/2018/02/logo-sidearea-1.png?fit=162%2C52&ssl=1 (alt: logo) | https://i0.wp.com/omayatravel.com/wp-content/uploads/2026/04/Rila-Monastery-Article-2-Opt.webp?resize=150%2C150&ssl=1 (alt: MISSING) | https://omayatravel.com/wp-content/uploads/2026/04/Black_logo-e1781169999413.webp (alt: logo) | https://omayatravel.com/wp-content/uploads/2026/04/Black_logo-e1781169999413.webp (alt: dark logo),/tassili-najjer-national-park-algeria-guide/,keep or redirect,high,Preserve article slug where practical; redirect if blog architecture changes.
https://omayatravel.com/team/,sitemap,https://omayatravel.com/page-sitemap.xml,200,https://omayatravel.com/team/,content page,Team - Omaya Travel,,https://omayatravel.com/team/,"follow, index, max-snippet:-1, max-video-preview:-1, max-image-preview:large",Team,,"Article, BreadcrumbList, ImageObject, ListItem, Organization, Person, TravelAgency, WebPage, WebSite",1,33,https://omayatravel.com/team/,https://omayatravel.com/team/ | https://omayatravel.com/tassili-najjer-national-park-algeria-guide/ | https://omayatravel.com/2026/07/ | https://omayatravel.com/the-complete-visitor-guide-to-rila-monastery/ | https://omayatravel.com/2026/04/ | https://omayatravel.com/ | https://omayatravel.com/tour-item/algeria-desert-expedition-tadrart-rouge/ | https://omayatravel.com/tour-item/bulgaria-trip/ | https://omayatravel.com/tour-item/safari-tour/ | https://omayatravel.com/tour-item/morocco-tour/ | https://omayatravel.com/classic-tours/ | https://omayatravel.com/women-only-tours/,https://www.facebook.com/tr?id=1606463407092899&ev=PageView&noscript=1 (alt: facebook) | https://i0.wp.com/omayatravel.com/wp-content/uploads/2018/02/logo-sidearea-1.png?fit=162%2C52&ssl=1 (alt: logo) | https://i0.wp.com/omayatravel.com/wp-content/uploads/2026/07/Algeria-Tassili-National-Park.webp?resize=150%2C150&ssl=1 (alt: Algeria Tassili n'Ajjer Desert Expedition) | https://i0.wp.com/omayatravel.com/wp-content/uploads/2026/04/Rila-Monastery-Article-2-Opt.webp?resize=150%2C150&ssl=1 (alt: MISSING) | https://omayatravel.com/wp-content/uploads/2026/04/Black_logo-e1781169999413.webp (alt: logo),/team/,keep or redirect,medium,Route architecture should decide whether to preserve slug or consolidate.
https://omayatravel.com/termsconditions/,"internal crawl, navigation/home crawl, sitemap",https://omayatravel.com/page-sitemap.xml,200,https://omayatravel.com/termsconditions/,tour/destination candidate,Omaya Travel Terms and Conditions - Omaya Travel,All bookings with Omaya Travel are subject to these Terms and Conditions. The lead traveller (person making the booking) accepts the Terms and Conditions on,https://omayatravel.com/termsconditions/,"follow, index, max-snippet:-1, max-video-preview:-1, max-image-preview:large",Omaya Travel Terms and Conditions,,"Article, BreadcrumbList, ImageObject, ListItem, Organization, Person, TravelAgency, WebPage, WebSite",119,32,https://omayatravel.com/tabs/ | https://omayatravel.com/10-unmissable-places-to-visit-on-your-bulgaria-trip/ | https://omayatravel.com/checkout/ | https://omayatravel.com/wp-booking-calendar-time-appointments/ | https://omayatravel.com/countdown/ | https://omayatravel.com/tour-list-masonry/ | https://omayatravel.com/ | https://omayatravel.com/cookie-policy/ | https://omayatravel.com/dmc-partner-bulgaria/ | https://omayatravel.com/tour-carousel/ | https://omayatravel.com/2026/07/ | https://omayatravel.com/checkout-2/,https://omayatravel.com/termsconditions/ | https://omayatravel.com/tassili-najjer-national-park-algeria-guide/ | https://omayatravel.com/2026/07/ | https://omayatravel.com/the-complete-visitor-guide-to-rila-monastery/ | https://omayatravel.com/2026/04/ | https://omayatravel.com/ | https://omayatravel.com/tour-item/algeria-desert-expedition-tadrart-rouge/ | https://omayatravel.com/tour-item/bulgaria-trip/ | https://omayatravel.com/tour-item/safari-tour/ | https://omayatravel.com/tour-item/morocco-tour/ | https://omayatravel.com/classic-tours/ | https://omayatravel.com/women-only-tours/,https://www.facebook.com/tr?id=1606463407092899&ev=PageView&noscript=1 (alt: facebook) | https://i0.wp.com/omayatravel.com/wp-content/uploads/2018/02/logo-sidearea-1.png?fit=162%2C52&ssl=1 (alt: logo) | https://i0.wp.com/omayatravel.com/wp-content/uploads/2026/07/Algeria-Tassili-National-Park.webp?resize=150%2C150&ssl=1 (alt: Algeria Tassili n'Ajjer Desert Expedition) | https://i0.wp.com/omayatravel.com/wp-content/uploads/2026/04/Rila-Monastery-Article-2-Opt.webp?resize=150%2C150&ssl=1 (alt: MISSING) | https://omayatravel.com/wp-content/uploads/2026/04/Black_logo-e1781169999413.webp (alt: logo),/termsconditions/,keep or redirect,high,"Separate country, destination and tour intent during final route approval."
https://omayatravel.com/the-complete-visitor-guide-to-rila-monastery/,"navigation/home crawl, sitemap",https://omayatravel.com/post-sitemap.xml,200,https://omayatravel.com/the-complete-visitor-guide-to-rila-monastery/,blog/article,The Complete Visitor Guide to the Rila Monastery in Bulgaria - Omaya Travel,"Bulgaria's most sacred landmark, a UNESCO World Heritage Site, and one of the most breathtaking places in the Balkans - here's everything you need to plan",https://omayatravel.com/the-complete-visitor-guide-to-rila-monastery/,"follow, index, max-snippet:-1, max-video-preview:-1, max-image-preview:large",The Complete Visitor Guide to the Rila Monastery in Bulgaria,,"BlogPosting, BreadcrumbList, ImageObject, ListItem, Organization, Person, TravelAgency, WebPage, WebSite",124,38,https://omayatravel.com/tabs/ | https://omayatravel.com/10-unmissable-places-to-visit-on-your-bulgaria-trip/ | https://omayatravel.com/checkout/ | https://omayatravel.com/wp-booking-calendar-time-appointments/ | https://omayatravel.com/countdown/ | https://omayatravel.com/tour-list-masonry/ | https://omayatravel.com/ | https://omayatravel.com/cookie-policy/ | https://omayatravel.com/dmc-partner-bulgaria/ | https://omayatravel.com/tour-carousel/ | https://omayatravel.com/2026/07/ | https://omayatravel.com/checkout-2/,https://omayatravel.com/the-complete-visitor-guide-to-rila-monastery/ | https://omayatravel.com/tassili-najjer-national-park-algeria-guide/ | https://omayatravel.com/2026/07/ | https://omayatravel.com/2026/04/ | https://omayatravel.com/ | https://omayatravel.com/tour-item/algeria-desert-expedition-tadrart-rouge/ | https://omayatravel.com/tour-item/bulgaria-trip/ | https://omayatravel.com/tour-item/safari-tour/ | https://omayatravel.com/tour-item/morocco-tour/ | https://omayatravel.com/classic-tours/ | https://omayatravel.com/women-only-tours/ | https://omayatravel.com/solo-travellers/?preview=true,https://www.facebook.com/tr?id=1606463407092899&ev=PageView&noscript=1 (alt: facebook) | https://i0.wp.com/omayatravel.com/wp-content/uploads/2018/02/logo-sidearea-1.png?fit=162%2C52&ssl=1 (alt: logo) | https://i0.wp.com/omayatravel.com/wp-content/uploads/2026/07/Algeria-Tassili-National-Park.webp?resize=150%2C150&ssl=1 (alt: Algeria Tassili n'Ajjer Desert Expedition) | https://omayatravel.com/wp-content/uploads/2026/04/Black_logo-e1781169999413.webp (alt: logo) | https://omayatravel.com/wp-content/uploads/2026/04/Black_logo-e1781169999413.webp (alt: dark logo),/the-complete-visitor-guide-to-rila-monastery/,keep or redirect,high,Preserve article slug where practical; redirect if blog architecture changes.
https://omayatravel.com/title-subtitle/,"internal crawl, sitemap",https://omayatravel.com/page-sitemap.xml,200,https://omayatravel.com/title-subtitle/,tour/destination candidate,Title & Subtitle - Omaya Travel,,https://omayatravel.com/title-subtitle/,"follow, index, max-snippet:-1, max-video-preview:-1, max-image-preview:large",Title & Subtitle,Amazing Tours And Fun Adventures Waiting For You | Choose The Destination Just Right For Your Vacation | Special Deals And Last Minute Amazing Offers,"Article, BreadcrumbList, ImageObject, ListItem, Organization, Person, TravelAgency, WebPage, WebSite",1,33,https://omayatravel.com/title-subtitle/,https://omayatravel.com/title-subtitle/ | https://omayatravel.com/tassili-najjer-national-park-algeria-guide/ | https://omayatravel.com/2026/07/ | https://omayatravel.com/the-complete-visitor-guide-to-rila-monastery/ | https://omayatravel.com/2026/04/ | https://omayatravel.com/ | https://omayatravel.com/tour-item/algeria-desert-expedition-tadrart-rouge/ | https://omayatravel.com/tour-item/bulgaria-trip/ | https://omayatravel.com/tour-item/safari-tour/ | https://omayatravel.com/tour-item/morocco-tour/ | https://omayatravel.com/classic-tours/ | https://omayatravel.com/women-only-tours/,https://www.facebook.com/tr?id=1606463407092899&ev=PageView&noscript=1 (alt: facebook) | https://i0.wp.com/omayatravel.com/wp-content/uploads/2018/02/logo-sidearea-1.png?fit=162%2C52&ssl=1 (alt: logo) | https://i0.wp.com/omayatravel.com/wp-content/uploads/2026/07/Algeria-Tassili-National-Park.webp?resize=150%2C150&ssl=1 (alt: Algeria Tassili n'Ajjer Desert Expedition) | https://i0.wp.com/omayatravel.com/wp-content/uploads/2026/04/Rila-Monastery-Article-2-Opt.webp?resize=150%2C150&ssl=1 (alt: MISSING) | https://omayatravel.com/wp-content/uploads/2026/04/Black_logo-e1781169999413.webp (alt: logo),/title-subtitle/,keep or redirect,high,"Separate country, destination and tour intent during final route approval."
https://omayatravel.com/top-reviews/,sitemap,https://omayatravel.com/page-sitemap.xml,200,https://omayatravel.com/top-reviews/,content page,Top Reviews - Omaya Travel,,https://omayatravel.com/top-reviews/,"follow, index, max-snippet:-1, max-video-preview:-1, max-image-preview:large",Top Reviews,,"Article, BreadcrumbList, ImageObject, ListItem, Organization, Person, TravelAgency, WebPage, WebSite",1,33,https://omayatravel.com/top-reviews/,https://omayatravel.com/top-reviews/ | https://omayatravel.com/tassili-najjer-national-park-algeria-guide/ | https://omayatravel.com/2026/07/ | https://omayatravel.com/the-complete-visitor-guide-to-rila-monastery/ | https://omayatravel.com/2026/04/ | https://omayatravel.com/ | https://omayatravel.com/tour-item/algeria-desert-expedition-tadrart-rouge/ | https://omayatravel.com/tour-item/bulgaria-trip/ | https://omayatravel.com/tour-item/safari-tour/ | https://omayatravel.com/tour-item/morocco-tour/ | https://omayatravel.com/classic-tours/ | https://omayatravel.com/women-only-tours/,https://www.facebook.com/tr?id=1606463407092899&ev=PageView&noscript=1 (alt: facebook) | https://i0.wp.com/omayatravel.com/wp-content/uploads/2018/02/logo-sidearea-1.png?fit=162%2C52&ssl=1 (alt: logo) | https://i0.wp.com/omayatravel.com/wp-content/uploads/2026/07/Algeria-Tassili-National-Park.webp?resize=150%2C150&ssl=1 (alt: Algeria Tassili n'Ajjer Desert Expedition) | https://i0.wp.com/omayatravel.com/wp-content/uploads/2026/04/Rila-Monastery-Article-2-Opt.webp?resize=150%2C150&ssl=1 (alt: MISSING) | https://omayatravel.com/wp-content/uploads/2026/04/Black_logo-e1781169999413.webp (alt: logo),/top-reviews/,keep or redirect,medium,Route architecture should decide whether to preserve slug or consolidate.
https://omayatravel.com/tour-carousel/,"internal crawl, sitemap",https://omayatravel.com/page-sitemap.xml,200,https://omayatravel.com/tour-carousel/,tour/destination candidate,Tour Carousel options - Omaya Travel,,https://omayatravel.com/tour-carousel/,"follow, index, max-snippet:-1, max-video-preview:-1, max-image-preview:large",Tour Carousel options,,"Article, BreadcrumbList, ImageObject, ListItem, Organization, Person, TravelAgency, WebPage, WebSite",1,39,https://omayatravel.com/tour-carousel/,https://omayatravel.com/tour-carousel/ | https://omayatravel.com/tassili-najjer-national-park-algeria-guide/ | https://omayatravel.com/2026/07/ | https://omayatravel.com/the-complete-visitor-guide-to-rila-monastery/ | https://omayatravel.com/2026/04/ | https://omayatravel.com/ | https://omayatravel.com/tour-item/algeria-desert-expedition-tadrart-rouge/ | https://omayatravel.com/tour-item/bulgaria-trip/ | https://omayatravel.com/tour-item/safari-tour/ | https://omayatravel.com/tour-item/morocco-tour/ | https://omayatravel.com/classic-tours/ | https://omayatravel.com/women-only-tours/,https://www.facebook.com/tr?id=1606463407092899&ev=PageView&noscript=1 (alt: facebook) | https://i0.wp.com/omayatravel.com/wp-content/uploads/2018/02/logo-sidearea-1.png?fit=162%2C52&ssl=1 (alt: logo) | https://i0.wp.com/omayatravel.com/wp-content/uploads/2026/07/Algeria-Tassili-National-Park.webp?resize=150%2C150&ssl=1 (alt: Algeria Tassili n'Ajjer Desert Expedition) | https://i0.wp.com/omayatravel.com/wp-content/uploads/2026/04/Rila-Monastery-Article-2-Opt.webp?resize=150%2C150&ssl=1 (alt: MISSING) | https://omayatravel.com/wp-content/uploads/2026/04/Black_logo-e1781169999413.webp (alt: logo),/tour-carousel/,keep or redirect,high,"Separate country, destination and tour intent during final route approval."
https://omayatravel.com/tour-checkout/,sitemap,https://omayatravel.com/page-sitemap.xml,200,https://omayatravel.com/tour-checkout/,tour/destination candidate,Tour Checkout - Omaya Travel,,https://omayatravel.com/tour-checkout/,"follow, index, max-snippet:-1, max-video-preview:-1, max-image-preview:large",Tour Checkout,,"Article, BreadcrumbList, ImageObject, ListItem, Organization, Person, TravelAgency, WebPage, WebSite",1,33,https://omayatravel.com/tour-checkout/,https://omayatravel.com/tour-checkout/ | https://omayatravel.com/tassili-najjer-national-park-algeria-guide/ | https://omayatravel.com/2026/07/ | https://omayatravel.com/the-complete-visitor-guide-to-rila-monastery/ | https://omayatravel.com/2026/04/ | https://omayatravel.com/ | https://omayatravel.com/tour-item/algeria-desert-expedition-tadrart-rouge/ | https://omayatravel.com/tour-item/bulgaria-trip/ | https://omayatravel.com/tour-item/safari-tour/ | https://omayatravel.com/tour-item/morocco-tour/ | https://omayatravel.com/classic-tours/ | https://omayatravel.com/women-only-tours/,https://www.facebook.com/tr?id=1606463407092899&ev=PageView&noscript=1 (alt: facebook) | https://i0.wp.com/omayatravel.com/wp-content/uploads/2018/02/logo-sidearea-1.png?fit=162%2C52&ssl=1 (alt: logo) | https://i0.wp.com/omayatravel.com/wp-content/uploads/2026/07/Algeria-Tassili-National-Park.webp?resize=150%2C150&ssl=1 (alt: Algeria Tassili n'Ajjer Desert Expedition) | https://i0.wp.com/omayatravel.com/wp-content/uploads/2026/04/Rila-Monastery-Article-2-Opt.webp?resize=150%2C150&ssl=1 (alt: MISSING) | https://omayatravel.com/wp-content/uploads/2026/04/Black_logo-e1781169999413.webp (alt: logo),/tour-checkout/,keep or redirect,high,"Separate country, destination and tour intent during final route approval."
https://omayatravel.com/tour-filter/,"internal crawl, sitemap",https://omayatravel.com/page-sitemap.xml,200,https://omayatravel.com/tour-filter/,tour/destination candidate,Tour Filter options - Omaya Travel,,https://omayatravel.com/tour-filter/,"follow, index, max-snippet:-1, max-video-preview:-1, max-image-preview:large",Tour Filter options,,"Article, BreadcrumbList, ImageObject, ListItem, Organization, Person, TravelAgency, WebPage, WebSite",1,33,https://omayatravel.com/tour-filter/,https://omayatravel.com/tour-filter/ | https://omayatravel.com/tassili-najjer-national-park-algeria-guide/ | https://omayatravel.com/2026/07/ | https://omayatravel.com/the-complete-visitor-guide-to-rila-monastery/ | https://omayatravel.com/2026/04/ | https://omayatravel.com/ | https://omayatravel.com/tour-item/algeria-desert-expedition-tadrart-rouge/ | https://omayatravel.com/tour-item/bulgaria-trip/ | https://omayatravel.com/tour-item/safari-tour/ | https://omayatravel.com/tour-item/morocco-tour/ | https://omayatravel.com/classic-tours/ | https://omayatravel.com/women-only-tours/,https://www.facebook.com/tr?id=1606463407092899&ev=PageView&noscript=1 (alt: facebook) | https://i0.wp.com/omayatravel.com/wp-content/uploads/2018/02/logo-sidearea-1.png?fit=162%2C52&ssl=1 (alt: logo) | https://i0.wp.com/omayatravel.com/wp-content/uploads/2026/07/Algeria-Tassili-National-Park.webp?resize=150%2C150&ssl=1 (alt: Algeria Tassili n'Ajjer Desert Expedition) | https://i0.wp.com/omayatravel.com/wp-content/uploads/2026/04/Rila-Monastery-Article-2-Opt.webp?resize=150%2C150&ssl=1 (alt: MISSING) | https://omayatravel.com/wp-content/uploads/2026/04/Black_logo-e1781169999413.webp (alt: logo),/tour-filter/,keep or redirect,high,"Separate country, destination and tour intent during final route approval."
https://omayatravel.com/tour-item/,sitemap,https://omayatravel.com/tour-item-sitemap.xml,200,https://omayatravel.com/tour-item/,tour/destination candidate,Mikado Tour Archive - Omaya Travel,Mikado Tour Archive - Omaya Travel,https://omayatravel.com/tour-item/,"follow, index, max-snippet:-1, max-video-preview:-1, max-image-preview:large",Tours Search,,"BreadcrumbList, CollectionPage, ImageObject, ListItem, TravelAgency, WebSite",1,42,https://omayatravel.com/tour-item/,https://omayatravel.com/tour-item/ | https://omayatravel.com/tassili-najjer-national-park-algeria-guide/ | https://omayatravel.com/2026/07/ | https://omayatravel.com/the-complete-visitor-guide-to-rila-monastery/ | https://omayatravel.com/2026/04/ | https://omayatravel.com/ | https://omayatravel.com/tour-item/algeria-desert-expedition-tadrart-rouge/ | https://omayatravel.com/tour-item/bulgaria-trip/ | https://omayatravel.com/tour-item/safari-tour/ | https://omayatravel.com/tour-item/morocco-tour/ | https://omayatravel.com/classic-tours/ | https://omayatravel.com/women-only-tours/,https://www.facebook.com/tr?id=1606463407092899&ev=PageView&noscript=1 (alt: facebook) | https://i0.wp.com/omayatravel.com/wp-content/uploads/2018/02/logo-sidearea-1.png?fit=162%2C52&ssl=1 (alt: logo) | https://i0.wp.com/omayatravel.com/wp-content/uploads/2026/07/Algeria-Tassili-National-Park.webp?resize=150%2C150&ssl=1 (alt: Algeria Tassili n'Ajjer Desert Expedition) | https://i0.wp.com/omayatravel.com/wp-content/uploads/2026/04/Rila-Monastery-Article-2-Opt.webp?resize=150%2C150&ssl=1 (alt: MISSING) | https://omayatravel.com/wp-content/uploads/2026/04/Black_logo-e1781169999413.webp (alt: logo),/tour-item/,keep or redirect,high,"Separate country, destination and tour intent during final route approval."
https://omayatravel.com/tour-item/?type%5B%5D=classic-omaya-tours,internal crawl,,200,https://omayatravel.com/tour-item/?type%5B%5D=classic-omaya-tours,tour/destination candidate,Mikado Tour Archive - Omaya Travel,Mikado Tour Archive - Omaya Travel,https://omayatravel.com/tour-item/,"follow, index, max-snippet:-1, max-video-preview:-1, max-image-preview:large",Tours Search,,"BreadcrumbList, CollectionPage, ImageObject, ListItem, TravelAgency, WebSite",13,35,https://omayatravel.com/destinations/kyrgyzstan/ | https://omayatravel.com/tour-item/bulgaria-trip/ | https://omayatravel.com/tour-item/safari-tour/ | https://omayatravel.com/tour-item/forest-adventure/ | https://omayatravel.com/tour-item/kyrgyzstan-tour/ | https://omayatravel.com/tour-search-page/ | https://omayatravel.com/tour-item/algeria-desert-expedition-tadrart-rouge/ | https://omayatravel.com/destinations/bulgaria/ | https://omayatravel.com/tour-item/ | https://omayatravel.com/tour-item/?type%5B%5D=classic-omaya-tours | https://omayatravel.com/tour-item/bulgaria-beyond-the-ordinary/ | https://omayatravel.com/destinations/morocco/,https://omayatravel.com/tour-item/?type%5B%5D=classic-omaya-tours | https://omayatravel.com/tassili-najjer-national-park-algeria-guide/ | https://omayatravel.com/2026/07/ | https://omayatravel.com/the-complete-visitor-guide-to-rila-monastery/ | https://omayatravel.com/2026/04/ | https://omayatravel.com/ | https://omayatravel.com/tour-item/algeria-desert-expedition-tadrart-rouge/ | https://omayatravel.com/tour-item/bulgaria-trip/ | https://omayatravel.com/tour-item/safari-tour/ | https://omayatravel.com/tour-item/morocco-tour/ | https://omayatravel.com/classic-tours/ | https://omayatravel.com/women-only-tours/,https://www.facebook.com/tr?id=1606463407092899&ev=PageView&noscript=1 (alt: facebook) | https://i0.wp.com/omayatravel.com/wp-content/uploads/2018/02/logo-sidearea-1.png?fit=162%2C52&ssl=1 (alt: logo) | https://i0.wp.com/omayatravel.com/wp-content/uploads/2026/07/Algeria-Tassili-National-Park.webp?resize=150%2C150&ssl=1 (alt: Algeria Tassili n'Ajjer Desert Expedition) | https://i0.wp.com/omayatravel.com/wp-content/uploads/2026/04/Rila-Monastery-Article-2-Opt.webp?resize=150%2C150&ssl=1 (alt: MISSING) | https://omayatravel.com/wp-content/uploads/2026/04/Black_logo-e1781169999413.webp (alt: logo),/tour-item/,noindex,low,Query/filter URL discovered; avoid indexing unless deliberately designed.
https://omayatravel.com/tour-item/?type%5B%5D=solo-travellers-tours-omaya,internal crawl,,200,https://omayatravel.com/tour-item/?type%5B%5D=solo-travellers-tours-omaya,tour/destination candidate,Mikado Tour Archive - Omaya Travel,Mikado Tour Archive - Omaya Travel,https://omayatravel.com/tour-item/,"follow, index, max-snippet:-1, max-video-preview:-1, max-image-preview:large",Tours Search,,"BreadcrumbList, CollectionPage, ImageObject, ListItem, TravelAgency, WebSite",7,34,https://omayatravel.com/destinations/kyrgyzstan/ | https://omayatravel.com/tour-search-page/ | https://omayatravel.com/destinations/bulgaria/ | https://omayatravel.com/tour-item/ | https://omayatravel.com/tour-item/?type%5B%5D=solo-travellers-tours-omaya | https://omayatravel.com/destinations/morocco/ | https://omayatravel.com/tour-item/tour-item-morocco-solo-travellers-tour/,https://omayatravel.com/tour-item/?type%5B%5D=solo-travellers-tours-omaya | https://omayatravel.com/tassili-najjer-national-park-algeria-guide/ | https://omayatravel.com/2026/07/ | https://omayatravel.com/the-complete-visitor-guide-to-rila-monastery/ | https://omayatravel.com/2026/04/ | https://omayatravel.com/ | https://omayatravel.com/tour-item/algeria-desert-expedition-tadrart-rouge/ | https://omayatravel.com/tour-item/bulgaria-trip/ | https://omayatravel.com/tour-item/safari-tour/ | https://omayatravel.com/tour-item/morocco-tour/ | https://omayatravel.com/classic-tours/ | https://omayatravel.com/women-only-tours/,https://www.facebook.com/tr?id=1606463407092899&ev=PageView&noscript=1 (alt: facebook) | https://i0.wp.com/omayatravel.com/wp-content/uploads/2018/02/logo-sidearea-1.png?fit=162%2C52&ssl=1 (alt: logo) | https://i0.wp.com/omayatravel.com/wp-content/uploads/2026/07/Algeria-Tassili-National-Park.webp?resize=150%2C150&ssl=1 (alt: Algeria Tassili n'Ajjer Desert Expedition) | https://i0.wp.com/omayatravel.com/wp-content/uploads/2026/04/Rila-Monastery-Article-2-Opt.webp?resize=150%2C150&ssl=1 (alt: MISSING) | https://omayatravel.com/wp-content/uploads/2026/04/Black_logo-e1781169999413.webp (alt: logo),/tour-item/,noindex,low,Query/filter URL discovered; avoid indexing unless deliberately designed.
https://omayatravel.com/tour-item/?type%5B%5D=womens-only-tours-omaya,internal crawl,,200,https://omayatravel.com/tour-item/?type%5B%5D=womens-only-tours-omaya,tour/destination candidate,Mikado Tour Archive - Omaya Travel,Mikado Tour Archive - Omaya Travel,https://omayatravel.com/tour-item/,"follow, index, max-snippet:-1, max-video-preview:-1, max-image-preview:large",Tours Search,,"BreadcrumbList, CollectionPage, ImageObject, ListItem, TravelAgency, WebSite",9,36,https://omayatravel.com/tour-item/women-only-tour-kyrgyzstan/ | https://omayatravel.com/destinations/kyrgyzstan/ | https://omayatravel.com/tour-item/?type%5B%5D=womens-only-tours-omaya | https://omayatravel.com/tour-item/tour-item-morocco-women-only-tour/ | https://omayatravel.com/tour-search-page/ | https://omayatravel.com/destinations/bulgaria/ | https://omayatravel.com/tour-item/ | https://omayatravel.com/tour-item/women-only-tour-bulgaria/ | https://omayatravel.com/destinations/morocco/,https://omayatravel.com/tour-item/?type%5B%5D=womens-only-tours-omaya | https://omayatravel.com/tassili-najjer-national-park-algeria-guide/ | https://omayatravel.com/2026/07/ | https://omayatravel.com/the-complete-visitor-guide-to-rila-monastery/ | https://omayatravel.com/2026/04/ | https://omayatravel.com/ | https://omayatravel.com/tour-item/algeria-desert-expedition-tadrart-rouge/ | https://omayatravel.com/tour-item/bulgaria-trip/ | https://omayatravel.com/tour-item/safari-tour/ | https://omayatravel.com/tour-item/morocco-tour/ | https://omayatravel.com/classic-tours/ | https://omayatravel.com/women-only-tours/,https://www.facebook.com/tr?id=1606463407092899&ev=PageView&noscript=1 (alt: facebook) | https://i0.wp.com/omayatravel.com/wp-content/uploads/2018/02/logo-sidearea-1.png?fit=162%2C52&ssl=1 (alt: logo) | https://i0.wp.com/omayatravel.com/wp-content/uploads/2026/07/Algeria-Tassili-National-Park.webp?resize=150%2C150&ssl=1 (alt: Algeria Tassili n'Ajjer Desert Expedition) | https://i0.wp.com/omayatravel.com/wp-content/uploads/2026/04/Rila-Monastery-Article-2-Opt.webp?resize=150%2C150&ssl=1 (alt: MISSING) | https://omayatravel.com/wp-content/uploads/2026/04/Black_logo-e1781169999413.webp (alt: logo),/tour-item/,noindex,low,Query/filter URL discovered; avoid indexing unless deliberately designed.
https://omayatravel.com/tour-item/algeria-desert-expedition-tadrart-rouge/,"navigation/home crawl, sitemap",https://omayatravel.com/tour-item-sitemap.xml,200,https://omayatravel.com/tour-item/algeria-desert-expedition-tadrart-rouge/,tour/destination candidate,Algeria Desert Expedition (Tadrart Rouge) - Omaya Travel,"Explore Algeria's Tassili n'Ajjer on an 8-day guided desert expedition into the Tadrart - one of the Sahara's most remote and spectacular landscapes. Walk among 8,000-year-old Neolithic rock art, cross towering red dune fields, and camp under an extraordinary star-filled sky with Tuareg guides who know this wilderness intimately.",https://omayatravel.com/tour-item/algeria-desert-expedition-tadrart-rouge/,"follow, index, max-snippet:-1, max-video-preview:-1, max-image-preview:large",Algeria Desert Expedition (Tadrart Rouge),,"BreadcrumbList, ListItem",124,48,https://omayatravel.com/tabs/ | https://omayatravel.com/10-unmissable-places-to-visit-on-your-bulgaria-trip/ | https://omayatravel.com/checkout/ | https://omayatravel.com/wp-booking-calendar-time-appointments/ | https://omayatravel.com/countdown/ | https://omayatravel.com/tour-list-masonry/ | https://omayatravel.com/ | https://omayatravel.com/cookie-policy/ | https://omayatravel.com/dmc-partner-bulgaria/ | https://omayatravel.com/tour-carousel/ | https://omayatravel.com/2026/07/ | https://omayatravel.com/checkout-2/,https://omayatravel.com/tour-item/algeria-desert-expedition-tadrart-rouge/ | https://omayatravel.com/tassili-najjer-national-park-algeria-guide/ | https://omayatravel.com/2026/07/ | https://omayatravel.com/the-complete-visitor-guide-to-rila-monastery/ | https://omayatravel.com/2026/04/ | https://omayatravel.com/ | https://omayatravel.com/tour-item/bulgaria-trip/ | https://omayatravel.com/tour-item/safari-tour/ | https://omayatravel.com/tour-item/morocco-tour/ | https://omayatravel.com/classic-tours/ | https://omayatravel.com/women-only-tours/ | https://omayatravel.com/solo-travellers/?preview=true,https://www.facebook.com/tr?id=1606463407092899&ev=PageView&noscript=1 (alt: facebook) | https://i0.wp.com/omayatravel.com/wp-content/uploads/2018/02/logo-sidearea-1.png?fit=162%2C52&ssl=1 (alt: logo) | https://i0.wp.com/omayatravel.com/wp-content/uploads/2026/07/Algeria-Tassili-National-Park.webp?resize=150%2C150&ssl=1 (alt: Algeria Tassili n'Ajjer Desert Expedition) | https://i0.wp.com/omayatravel.com/wp-content/uploads/2026/04/Rila-Monastery-Article-2-Opt.webp?resize=150%2C150&ssl=1 (alt: MISSING) | https://omayatravel.com/wp-content/uploads/2026/04/Black_logo-e1781169999413.webp (alt: logo),/tour-item/algeria-desert-expedition-tadrart-rouge/,keep or redirect,high,"Separate country, destination and tour intent during final route approval."
https://omayatravel.com/tour-item/bulgaria-beyond-the-ordinary/,"navigation/home crawl, sitemap",https://omayatravel.com/tour-item-sitemap.xml,200,https://omayatravel.com/tour-item/bulgaria-beyond-the-ordinary/,tour/destination candidate,Small Group Trip to Bulgaria: Explore in Depth,Explore Bulgaria like never before on a small group trip to uncover its hidden cultural treasures off the beaten path.,https://omayatravel.com/tour-item/bulgaria-beyond-the-ordinary/,"follow, index, max-snippet:-1, max-video-preview:-1, max-image-preview:large",Bulgaria Beyond the Ordinary,,"BreadcrumbList, ListItem",18,50,https://omayatravel.com/september-2027/?preview=true | https://omayatravel.com/destinations/kyrgyzstan/ | https://omayatravel.com/tour-list-masonry/ | https://omayatravel.com/ | https://omayatravel.com/tour-carousel/ | https://omayatravel.com/tour-list-gallery/ | https://omayatravel.com/calendar-2027/ | https://omayatravel.com/tour-list-2/ | https://omayatravel.com/the-complete-visitor-guide-to-rila-monastery/ | https://omayatravel.com/tour-item/bulgaria-beyond-the-ordinary/ | https://omayatravel.com/tour-search-page/ | https://omayatravel.com/september-2027/,https://omayatravel.com/tour-item/bulgaria-beyond-the-ordinary/ | https://omayatravel.com/tassili-najjer-national-park-algeria-guide/ | https://omayatravel.com/2026/07/ | https://omayatravel.com/the-complete-visitor-guide-to-rila-monastery/ | https://omayatravel.com/2026/04/ | https://omayatravel.com/ | https://omayatravel.com/tour-item/algeria-desert-expedition-tadrart-rouge/ | https://omayatravel.com/tour-item/bulgaria-trip/ | https://omayatravel.com/tour-item/safari-tour/ | https://omayatravel.com/tour-item/morocco-tour/ | https://omayatravel.com/classic-tours/ | https://omayatravel.com/women-only-tours/,https://www.facebook.com/tr?id=1606463407092899&ev=PageView&noscript=1 (alt: facebook) | https://i0.wp.com/omayatravel.com/wp-content/uploads/2018/02/logo-sidearea-1.png?fit=162%2C52&ssl=1 (alt: logo) | https://i0.wp.com/omayatravel.com/wp-content/uploads/2026/07/Algeria-Tassili-National-Park.webp?resize=150%2C150&ssl=1 (alt: Algeria Tassili n'Ajjer Desert Expedition) | https://i0.wp.com/omayatravel.com/wp-content/uploads/2026/04/Rila-Monastery-Article-2-Opt.webp?resize=150%2C150&ssl=1 (alt: MISSING) | https://omayatravel.com/wp-content/uploads/2026/04/Black_logo-e1781169999413.webp (alt: logo),/tour-item/bulgaria-beyond-the-ordinary/,keep or redirect,high,"Separate country, destination and tour intent during final route approval."
https://omayatravel.com/tour-item/bulgaria-trip/,navigation/home crawl,,200,https://omayatravel.com/tour-item/bulgaria-beyond-the-ordinary/,tour/destination candidate,Small Group Trip to Bulgaria: Explore in Depth,Explore Bulgaria like never before on a small group trip to uncover its hidden cultural treasures off the beaten path.,https://omayatravel.com/tour-item/bulgaria-beyond-the-ordinary/,"follow, index, max-snippet:-1, max-video-preview:-1, max-image-preview:large",Bulgaria Beyond the Ordinary,,"BreadcrumbList, ListItem",124,49,https://omayatravel.com/tabs/ | https://omayatravel.com/10-unmissable-places-to-visit-on-your-bulgaria-trip/ | https://omayatravel.com/checkout/ | https://omayatravel.com/wp-booking-calendar-time-appointments/ | https://omayatravel.com/countdown/ | https://omayatravel.com/tour-list-masonry/ | https://omayatravel.com/ | https://omayatravel.com/cookie-policy/ | https://omayatravel.com/dmc-partner-bulgaria/ | https://omayatravel.com/tour-carousel/ | https://omayatravel.com/2026/07/ | https://omayatravel.com/checkout-2/,https://omayatravel.com/tour-item/bulgaria-trip/ | https://omayatravel.com/tassili-najjer-national-park-algeria-guide/ | https://omayatravel.com/2026/07/ | https://omayatravel.com/the-complete-visitor-guide-to-rila-monastery/ | https://omayatravel.com/2026/04/ | https://omayatravel.com/ | https://omayatravel.com/tour-item/algeria-desert-expedition-tadrart-rouge/ | https://omayatravel.com/tour-item/safari-tour/ | https://omayatravel.com/tour-item/morocco-tour/ | https://omayatravel.com/classic-tours/ | https://omayatravel.com/women-only-tours/ | https://omayatravel.com/solo-travellers/?preview=true,https://www.facebook.com/tr?id=1606463407092899&ev=PageView&noscript=1 (alt: facebook) | https://i0.wp.com/omayatravel.com/wp-content/uploads/2018/02/logo-sidearea-1.png?fit=162%2C52&ssl=1 (alt: logo) | https://i0.wp.com/omayatravel.com/wp-content/uploads/2026/07/Algeria-Tassili-National-Park.webp?resize=150%2C150&ssl=1 (alt: Algeria Tassili n'Ajjer Desert Expedition) | https://i0.wp.com/omayatravel.com/wp-content/uploads/2026/04/Rila-Monastery-Article-2-Opt.webp?resize=150%2C150&ssl=1 (alt: MISSING) | https://omayatravel.com/wp-content/uploads/2026/04/Black_logo-e1781169999413.webp (alt: logo),/tour-item/bulgaria-trip/,keep or redirect,high,"Separate country, destination and tour intent during final route approval."
https://omayatravel.com/tour-item/forest-adventure/,internal crawl,,200,https://omayatravel.com/tour-item/bulgaria-beyond-the-ordinary/,tour/destination candidate,Small Group Trip to Bulgaria: Explore in Depth,Explore Bulgaria like never before on a small group trip to uncover its hidden cultural treasures off the beaten path.,https://omayatravel.com/tour-item/bulgaria-beyond-the-ordinary/,"follow, index, max-snippet:-1, max-video-preview:-1, max-image-preview:large",Bulgaria Beyond the Ordinary,,"BreadcrumbList, ListItem",2,50,https://omayatravel.com/calendar/ | https://omayatravel.com/tour-item/forest-adventure/,https://omayatravel.com/tour-item/forest-adventure/ | https://omayatravel.com/tassili-najjer-national-park-algeria-guide/ | https://omayatravel.com/2026/07/ | https://omayatravel.com/the-complete-visitor-guide-to-rila-monastery/ | https://omayatravel.com/2026/04/ | https://omayatravel.com/ | https://omayatravel.com/tour-item/algeria-desert-expedition-tadrart-rouge/ | https://omayatravel.com/tour-item/bulgaria-trip/ | https://omayatravel.com/tour-item/safari-tour/ | https://omayatravel.com/tour-item/morocco-tour/ | https://omayatravel.com/classic-tours/ | https://omayatravel.com/women-only-tours/,https://www.facebook.com/tr?id=1606463407092899&ev=PageView&noscript=1 (alt: facebook) | https://i0.wp.com/omayatravel.com/wp-content/uploads/2018/02/logo-sidearea-1.png?fit=162%2C52&ssl=1 (alt: logo) | https://i0.wp.com/omayatravel.com/wp-content/uploads/2026/07/Algeria-Tassili-National-Park.webp?resize=150%2C150&ssl=1 (alt: Algeria Tassili n'Ajjer Desert Expedition) | https://i0.wp.com/omayatravel.com/wp-content/uploads/2026/04/Rila-Monastery-Article-2-Opt.webp?resize=150%2C150&ssl=1 (alt: MISSING) | https://omayatravel.com/wp-content/uploads/2026/04/Black_logo-e1781169999413.webp (alt: logo),/tour-item/forest-adventure/,keep or redirect,high,"Separate country, destination and tour intent during final route approval."
https://omayatravel.com/tour-item/forest-adventure/tour-item-custom1-id,internal crawl,,404,https://omayatravel.com/tour-item/forest-adventure/tour-item-custom1-id,tour/destination candidate,Page not found - Omaya Travel,,,"follow, noindex",404,,"BreadcrumbList, ImageObject, ListItem, TravelAgency, WebPage, WebSite",2,26,https://omayatravel.com/tour-item/forest-adventure/tour-item-custom1-id | https://omayatravel.com/tour-item/forest-adventure/,https://omayatravel.com/tour-item/forest-adventure/tour-item-custom1-id | https://omayatravel.com/tassili-najjer-national-park-algeria-guide/ | https://omayatravel.com/2026/07/ | https://omayatravel.com/the-complete-visitor-guide-to-rila-monastery/ | https://omayatravel.com/2026/04/ | https://omayatravel.com/ | https://omayatravel.com/tour-item/algeria-desert-expedition-tadrart-rouge/ | https://omayatravel.com/tour-item/bulgaria-trip/ | https://omayatravel.com/tour-item/safari-tour/ | https://omayatravel.com/tour-item/morocco-tour/ | https://omayatravel.com/classic-tours/ | https://omayatravel.com/women-only-tours/,https://www.facebook.com/tr?id=1606463407092899&ev=PageView&noscript=1 (alt: facebook) | https://i0.wp.com/omayatravel.com/wp-content/uploads/2018/02/logo-sidearea-1.png?fit=162%2C52&ssl=1 (alt: logo) | https://i0.wp.com/omayatravel.com/wp-content/uploads/2026/07/Algeria-Tassili-National-Park.webp?resize=150%2C150&ssl=1 (alt: Algeria Tassili n'Ajjer Desert Expedition) | https://i0.wp.com/omayatravel.com/wp-content/uploads/2026/04/Rila-Monastery-Article-2-Opt.webp?resize=150%2C150&ssl=1 (alt: MISSING) | https://omayatravel.com/wp-content/uploads/2026/04/Black_logo-e1781169999413.webp (alt: logo),/tour-item/forest-adventure/tour-item-custom1-id,remove/document,low,Non-200 URL; review before migration.
https://omayatravel.com/tour-item/forest-adventure/tour-item-gallery-id,internal crawl,,404,https://omayatravel.com/tour-item/forest-adventure/tour-item-gallery-id,tour/destination candidate,Page not found - Omaya Travel,,,"follow, noindex",404,,"BreadcrumbList, ImageObject, ListItem, TravelAgency, WebPage, WebSite",2,26,https://omayatravel.com/tour-item/forest-adventure/tour-item-gallery-id | https://omayatravel.com/tour-item/forest-adventure/,https://omayatravel.com/tour-item/forest-adventure/tour-item-gallery-id | https://omayatravel.com/tassili-najjer-national-park-algeria-guide/ | https://omayatravel.com/2026/07/ | https://omayatravel.com/the-complete-visitor-guide-to-rila-monastery/ | https://omayatravel.com/2026/04/ | https://omayatravel.com/ | https://omayatravel.com/tour-item/algeria-desert-expedition-tadrart-rouge/ | https://omayatravel.com/tour-item/bulgaria-trip/ | https://omayatravel.com/tour-item/safari-tour/ | https://omayatravel.com/tour-item/morocco-tour/ | https://omayatravel.com/classic-tours/ | https://omayatravel.com/women-only-tours/,https://www.facebook.com/tr?id=1606463407092899&ev=PageView&noscript=1 (alt: facebook) | https://i0.wp.com/omayatravel.com/wp-content/uploads/2018/02/logo-sidearea-1.png?fit=162%2C52&ssl=1 (alt: logo) | https://i0.wp.com/omayatravel.com/wp-content/uploads/2026/07/Algeria-Tassili-National-Park.webp?resize=150%2C150&ssl=1 (alt: Algeria Tassili n'Ajjer Desert Expedition) | https://i0.wp.com/omayatravel.com/wp-content/uploads/2026/04/Rila-Monastery-Article-2-Opt.webp?resize=150%2C150&ssl=1 (alt: MISSING) | https://omayatravel.com/wp-content/uploads/2026/04/Black_logo-e1781169999413.webp (alt: logo),/tour-item/forest-adventure/tour-item-gallery-id,remove/document,low,Non-200 URL; review before migration.
https://omayatravel.com/tour-item/forest-adventure/tour-item-info-id,internal crawl,,404,https://omayatravel.com/tour-item/forest-adventure/tour-item-info-id,tour/destination candidate,Page not found - Omaya Travel,,,"follow, noindex",404,,"BreadcrumbList, ImageObject, ListItem, TravelAgency, WebPage, WebSite",2,26,https://omayatravel.com/tour-item/forest-adventure/tour-item-info-id | https://omayatravel.com/tour-item/forest-adventure/,https://omayatravel.com/tour-item/forest-adventure/tour-item-info-id | https://omayatravel.com/tassili-najjer-national-park-algeria-guide/ | https://omayatravel.com/2026/07/ | https://omayatravel.com/the-complete-visitor-guide-to-rila-monastery/ | https://omayatravel.com/2026/04/ | https://omayatravel.com/ | https://omayatravel.com/tour-item/algeria-desert-expedition-tadrart-rouge/ | https://omayatravel.com/tour-item/bulgaria-trip/ | https://omayatravel.com/tour-item/safari-tour/ | https://omayatravel.com/tour-item/morocco-tour/ | https://omayatravel.com/classic-tours/ | https://omayatravel.com/women-only-tours/,https://www.facebook.com/tr?id=1606463407092899&ev=PageView&noscript=1 (alt: facebook) | https://i0.wp.com/omayatravel.com/wp-content/uploads/2018/02/logo-sidearea-1.png?fit=162%2C52&ssl=1 (alt: logo) | https://i0.wp.com/omayatravel.com/wp-content/uploads/2026/07/Algeria-Tassili-National-Park.webp?resize=150%2C150&ssl=1 (alt: Algeria Tassili n'Ajjer Desert Expedition) | https://i0.wp.com/omayatravel.com/wp-content/uploads/2026/04/Rila-Monastery-Article-2-Opt.webp?resize=150%2C150&ssl=1 (alt: MISSING) | https://omayatravel.com/wp-content/uploads/2026/04/Black_logo-e1781169999413.webp (alt: logo),/tour-item/forest-adventure/tour-item-info-id,remove/document,low,Non-200 URL; review before migration.
https://omayatravel.com/tour-item/forest-adventure/tour-item-plan-id,internal crawl,,404,https://omayatravel.com/tour-item/forest-adventure/tour-item-plan-id,tour/destination candidate,Page not found - Omaya Travel,,,"follow, noindex",404,,"BreadcrumbList, ImageObject, ListItem, TravelAgency, WebPage, WebSite",2,26,https://omayatravel.com/tour-item/forest-adventure/tour-item-plan-id | https://omayatravel.com/tour-item/forest-adventure/,https://omayatravel.com/tour-item/forest-adventure/tour-item-plan-id | https://omayatravel.com/tassili-najjer-national-park-algeria-guide/ | https://omayatravel.com/2026/07/ | https://omayatravel.com/the-complete-visitor-guide-to-rila-monastery/ | https://omayatravel.com/2026/04/ | https://omayatravel.com/ | https://omayatravel.com/tour-item/algeria-desert-expedition-tadrart-rouge/ | https://omayatravel.com/tour-item/bulgaria-trip/ | https://omayatravel.com/tour-item/safari-tour/ | https://omayatravel.com/tour-item/morocco-tour/ | https://omayatravel.com/classic-tours/ | https://omayatravel.com/women-only-tours/,https://www.facebook.com/tr?id=1606463407092899&ev=PageView&noscript=1 (alt: facebook) | https://i0.wp.com/omayatravel.com/wp-content/uploads/2018/02/logo-sidearea-1.png?fit=162%2C52&ssl=1 (alt: logo) | https://i0.wp.com/omayatravel.com/wp-content/uploads/2026/07/Algeria-Tassili-National-Park.webp?resize=150%2C150&ssl=1 (alt: Algeria Tassili n'Ajjer Desert Expedition) | https://i0.wp.com/omayatravel.com/wp-content/uploads/2026/04/Rila-Monastery-Article-2-Opt.webp?resize=150%2C150&ssl=1 (alt: MISSING) | https://omayatravel.com/wp-content/uploads/2026/04/Black_logo-e1781169999413.webp (alt: logo),/tour-item/forest-adventure/tour-item-plan-id,remove/document,low,Non-200 URL; review before migration.
https://omayatravel.com/tour-item/kyrgyzstan-tour/,"navigation/home crawl, sitemap",https://omayatravel.com/tour-item-sitemap.xml,200,https://omayatravel.com/tour-item/kyrgyzstan-tour/,tour/destination candidate,Kyrgyzstan Discovery Tour - Omaya Travel,"Nine days across Kyrgyzstan's mountains and steppes, where ancient nomadic traditions are still very much alive. Sleep in yurts by Song Kul Lake, ride horses at dawn, share meals in family homestays, and witness eagle hunting and Kok Boru - the fierce horseback game that has united these people for generations.",https://omayatravel.com/tour-item/kyrgyzstan-tour/,"follow, index, max-snippet:-1, max-video-preview:-1, max-image-preview:large",Kyrgyzstan Discovery Tour,,"BreadcrumbList, ListItem",19,50,https://omayatravel.com/destinations/bulgaria/ | https://omayatravel.com/tour-item/?type%5B%5D=classic-omaya-tours | https://omayatravel.com/how-to-visit-song-kul-lake-in-kyrgyzstan/ | https://omayatravel.com/destinations/kyrgyzstan/ | https://omayatravel.com/tour-list-masonry/ | https://omayatravel.com/ | https://omayatravel.com/tour-carousel/ | https://omayatravel.com/tour-list-gallery/ | https://omayatravel.com/calendar-2027/ | https://omayatravel.com/august-2027/?preview=true | https://omayatravel.com/tour-item/ | https://omayatravel.com/classic-tours/,https://omayatravel.com/tour-item/kyrgyzstan-tour/ | https://omayatravel.com/tassili-najjer-national-park-algeria-guide/ | https://omayatravel.com/2026/07/ | https://omayatravel.com/the-complete-visitor-guide-to-rila-monastery/ | https://omayatravel.com/2026/04/ | https://omayatravel.com/ | https://omayatravel.com/tour-item/algeria-desert-expedition-tadrart-rouge/ | https://omayatravel.com/tour-item/bulgaria-trip/ | https://omayatravel.com/tour-item/safari-tour/ | https://omayatravel.com/tour-item/morocco-tour/ | https://omayatravel.com/classic-tours/ | https://omayatravel.com/women-only-tours/,https://www.facebook.com/tr?id=1606463407092899&ev=PageView&noscript=1 (alt: facebook) | https://i0.wp.com/omayatravel.com/wp-content/uploads/2018/02/logo-sidearea-1.png?fit=162%2C52&ssl=1 (alt: logo) | https://i0.wp.com/omayatravel.com/wp-content/uploads/2026/07/Algeria-Tassili-National-Park.webp?resize=150%2C150&ssl=1 (alt: Algeria Tassili n'Ajjer Desert Expedition) | https://i0.wp.com/omayatravel.com/wp-content/uploads/2026/04/Rila-Monastery-Article-2-Opt.webp?resize=150%2C150&ssl=1 (alt: MISSING) | https://omayatravel.com/wp-content/uploads/2026/04/Black_logo-e1781169999413.webp (alt: logo),/tour-item/kyrgyzstan-tour/,keep or redirect,high,"Separate country, destination and tour intent during final route approval."
https://omayatravel.com/tour-item/morocco-tour/,"navigation/home crawl, sitemap",https://omayatravel.com/tour-item-sitemap.xml,200,https://omayatravel.com/tour-item/morocco-tour/,tour/destination candidate,Morocco - Blue Cities & Golden Dunes - Omaya Travel,"Somewhere between the blue-washed walls of Chefchaouen and a Berber family's tent deep in the Sahara, this journey becomes something more than travel. Twelve days through the imperial cities, cedar forests, desert dunes, and mountain passes of the most intoxicating country on earth.",https://omayatravel.com/tour-item/morocco-tour/,"follow, index, max-snippet:-1, max-video-preview:-1, max-image-preview:large",Morocco – Blue Cities & Golden Dunes,,"BreadcrumbList, ListItem",124,49,https://omayatravel.com/tabs/ | https://omayatravel.com/10-unmissable-places-to-visit-on-your-bulgaria-trip/ | https://omayatravel.com/checkout/ | https://omayatravel.com/wp-booking-calendar-time-appointments/ | https://omayatravel.com/countdown/ | https://omayatravel.com/tour-list-masonry/ | https://omayatravel.com/ | https://omayatravel.com/cookie-policy/ | https://omayatravel.com/dmc-partner-bulgaria/ | https://omayatravel.com/tour-carousel/ | https://omayatravel.com/2026/07/ | https://omayatravel.com/checkout-2/,https://omayatravel.com/tour-item/morocco-tour/ | https://omayatravel.com/tassili-najjer-national-park-algeria-guide/ | https://omayatravel.com/2026/07/ | https://omayatravel.com/the-complete-visitor-guide-to-rila-monastery/ | https://omayatravel.com/2026/04/ | https://omayatravel.com/ | https://omayatravel.com/tour-item/algeria-desert-expedition-tadrart-rouge/ | https://omayatravel.com/tour-item/bulgaria-trip/ | https://omayatravel.com/tour-item/safari-tour/ | https://omayatravel.com/classic-tours/ | https://omayatravel.com/women-only-tours/ | https://omayatravel.com/solo-travellers/?preview=true,https://www.facebook.com/tr?id=1606463407092899&ev=PageView&noscript=1 (alt: facebook) | https://i0.wp.com/omayatravel.com/wp-content/uploads/2018/02/logo-sidearea-1.png?fit=162%2C52&ssl=1 (alt: logo) | https://i0.wp.com/omayatravel.com/wp-content/uploads/2026/07/Algeria-Tassili-National-Park.webp?resize=150%2C150&ssl=1 (alt: Algeria Tassili n'Ajjer Desert Expedition) | https://i0.wp.com/omayatravel.com/wp-content/uploads/2026/04/Rila-Monastery-Article-2-Opt.webp?resize=150%2C150&ssl=1 (alt: MISSING) | https://omayatravel.com/wp-content/uploads/2026/04/Black_logo-e1781169999413.webp (alt: logo),/tour-item/morocco-tour/,keep or redirect,high,"Separate country, destination and tour intent during final route approval."
https://omayatravel.com/tour-item/safari-tour/,navigation/home crawl,,200,https://omayatravel.com/tour-item/kyrgyzstan-tour/,tour/destination candidate,Kyrgyzstan Discovery Tour - Omaya Travel,"Nine days across Kyrgyzstan's mountains and steppes, where ancient nomadic traditions are still very much alive. Sleep in yurts by Song Kul Lake, ride horses at dawn, share meals in family homestays, and witness eagle hunting and Kok Boru - the fierce horseback game that has united these people for generations.",https://omayatravel.com/tour-item/kyrgyzstan-tour/,"follow, index, max-snippet:-1, max-video-preview:-1, max-image-preview:large",Kyrgyzstan Discovery Tour,,"BreadcrumbList, ListItem",124,49,https://omayatravel.com/tabs/ | https://omayatravel.com/10-unmissable-places-to-visit-on-your-bulgaria-trip/ | https://omayatravel.com/checkout/ | https://omayatravel.com/wp-booking-calendar-time-appointments/ | https://omayatravel.com/countdown/ | https://omayatravel.com/tour-list-masonry/ | https://omayatravel.com/ | https://omayatravel.com/cookie-policy/ | https://omayatravel.com/dmc-partner-bulgaria/ | https://omayatravel.com/tour-carousel/ | https://omayatravel.com/2026/07/ | https://omayatravel.com/checkout-2/,https://omayatravel.com/tour-item/safari-tour/ | https://omayatravel.com/tassili-najjer-national-park-algeria-guide/ | https://omayatravel.com/2026/07/ | https://omayatravel.com/the-complete-visitor-guide-to-rila-monastery/ | https://omayatravel.com/2026/04/ | https://omayatravel.com/ | https://omayatravel.com/tour-item/algeria-desert-expedition-tadrart-rouge/ | https://omayatravel.com/tour-item/bulgaria-trip/ | https://omayatravel.com/tour-item/morocco-tour/ | https://omayatravel.com/classic-tours/ | https://omayatravel.com/women-only-tours/ | https://omayatravel.com/solo-travellers/?preview=true,https://www.facebook.com/tr?id=1606463407092899&ev=PageView&noscript=1 (alt: facebook) | https://i0.wp.com/omayatravel.com/wp-content/uploads/2018/02/logo-sidearea-1.png?fit=162%2C52&ssl=1 (alt: logo) | https://i0.wp.com/omayatravel.com/wp-content/uploads/2026/07/Algeria-Tassili-National-Park.webp?resize=150%2C150&ssl=1 (alt: Algeria Tassili n'Ajjer Desert Expedition) | https://i0.wp.com/omayatravel.com/wp-content/uploads/2026/04/Rila-Monastery-Article-2-Opt.webp?resize=150%2C150&ssl=1 (alt: MISSING) | https://omayatravel.com/wp-content/uploads/2026/04/Black_logo-e1781169999413.webp (alt: logo),/tour-item/safari-tour/,keep or redirect,high,"Separate country, destination and tour intent during final route approval."
https://omayatravel.com/tour-item/tour-item-morocco-solo-travellers-tour/,sitemap,https://omayatravel.com/tour-item-sitemap.xml,200,https://omayatravel.com/tour-item/tour-item-morocco-solo-travellers-tour/,tour/destination candidate,Morocco Solo Travellers Tour: Ultimate 12-Day Breathtaking Adventure,"A 12-day Morocco solo travellers tour from the blue-washed walls of Chefchaouen to a Berber tent in the Sahara. Imperial cities, cedar forests, and desert dunes — designed for independent travellers who arrive alone and leave with a group of friends.",https://omayatravel.com/tour-item/tour-item-morocco-solo-travellers-tour/,"index, follow, max-snippet:-1, max-video-preview:-1, max-image-preview:large",Morocco – Blue Cities & Golden Dunes | Solo Travellers only,,"BreadcrumbList, ListItem",15,50,https://omayatravel.com/april-2027/ | https://omayatravel.com/tour-list-masonry/ | https://omayatravel.com/solo-travellers-tours/ | https://omayatravel.com/tour-list-standard-2/ | https://omayatravel.com/tour-list-gallery/ | https://omayatravel.com/tour-list-2/ | https://omayatravel.com/tour-list/ | https://omayatravel.com/tour-carousel/ | https://omayatravel.com/solo-travellers/?preview=true | https://omayatravel.com/tour-search-page/ | https://omayatravel.com/solo-travellers/ | https://omayatravel.com/tour-item/,https://omayatravel.com/tour-item/tour-item-morocco-solo-travellers-tour/ | https://omayatravel.com/tassili-najjer-national-park-algeria-guide/ | https://omayatravel.com/2026/07/ | https://omayatravel.com/the-complete-visitor-guide-to-rila-monastery/ | https://omayatravel.com/2026/04/ | https://omayatravel.com/ | https://omayatravel.com/tour-item/algeria-desert-expedition-tadrart-rouge/ | https://omayatravel.com/tour-item/bulgaria-trip/ | https://omayatravel.com/tour-item/safari-tour/ | https://omayatravel.com/tour-item/morocco-tour/ | https://omayatravel.com/classic-tours/ | https://omayatravel.com/women-only-tours/,https://www.facebook.com/tr?id=1606463407092899&ev=PageView&noscript=1 (alt: facebook) | https://i0.wp.com/omayatravel.com/wp-content/uploads/2018/02/logo-sidearea-1.png?fit=162%2C52&ssl=1 (alt: logo) | https://i0.wp.com/omayatravel.com/wp-content/uploads/2026/07/Algeria-Tassili-National-Park.webp?resize=150%2C150&ssl=1 (alt: Algeria Tassili n'Ajjer Desert Expedition) | https://i0.wp.com/omayatravel.com/wp-content/uploads/2026/04/Rila-Monastery-Article-2-Opt.webp?resize=150%2C150&ssl=1 (alt: MISSING) | https://omayatravel.com/wp-content/uploads/2026/04/Black_logo-e1781169999413.webp (alt: logo),/tour-item/tour-item-morocco-solo-travellers-tour/,keep or redirect,high,"Separate country, destination and tour intent during final route approval."
https://omayatravel.com/tour-item/tour-item-morocco-women-only-tour/,sitemap,https://omayatravel.com/tour-item-sitemap.xml,200,https://omayatravel.com/tour-item/tour-item-morocco-women-only-tour/,tour/destination candidate,Morocco Women-Only Tour: Ultimate 12-Day Breathtaking Journey,"A 12-day Morocco women-only tour from the blue-washed walls of Chefchaouen to a Berber tent in the Sahara. Imperial cities, cedar forests, and desert dunes — designed exclusively for women travelling independently.",https://omayatravel.com/tour-item/tour-item-morocco-women-only-tour/,"index, follow, max-snippet:-1, max-video-preview:-1, max-image-preview:large",Morocco – Blue Cities & Golden Dunes | Women only,,"BreadcrumbList, ListItem",13,50,https://omayatravel.com/april-2027/ | https://omayatravel.com/tour-list-masonry/ | https://omayatravel.com/tour-item/?type%5B%5D=womens-only-tours-omaya | https://omayatravel.com/tour-list-standard-2/ | https://omayatravel.com/tour-carousel/ | https://omayatravel.com/tour-list-gallery/ | https://omayatravel.com/tour-list-2/ | https://omayatravel.com/tour-item/tour-item-morocco-women-only-tour/ | https://omayatravel.com/women-only-tours/ | https://omayatravel.com/tour-search-page/ | https://omayatravel.com/tour-list/ | https://omayatravel.com/tour-item/,https://omayatravel.com/tour-item/tour-item-morocco-women-only-tour/ | https://omayatravel.com/tassili-najjer-national-park-algeria-guide/ | https://omayatravel.com/2026/07/ | https://omayatravel.com/the-complete-visitor-guide-to-rila-monastery/ | https://omayatravel.com/2026/04/ | https://omayatravel.com/ | https://omayatravel.com/tour-item/algeria-desert-expedition-tadrart-rouge/ | https://omayatravel.com/tour-item/bulgaria-trip/ | https://omayatravel.com/tour-item/safari-tour/ | https://omayatravel.com/tour-item/morocco-tour/ | https://omayatravel.com/classic-tours/ | https://omayatravel.com/women-only-tours/,https://www.facebook.com/tr?id=1606463407092899&ev=PageView&noscript=1 (alt: facebook) | https://i0.wp.com/omayatravel.com/wp-content/uploads/2018/02/logo-sidearea-1.png?fit=162%2C52&ssl=1 (alt: logo) | https://i0.wp.com/omayatravel.com/wp-content/uploads/2026/07/Algeria-Tassili-National-Park.webp?resize=150%2C150&ssl=1 (alt: Algeria Tassili n'Ajjer Desert Expedition) | https://i0.wp.com/omayatravel.com/wp-content/uploads/2026/04/Rila-Monastery-Article-2-Opt.webp?resize=150%2C150&ssl=1 (alt: MISSING) | https://omayatravel.com/wp-content/uploads/2026/04/Black_logo-e1781169999413.webp (alt: logo),/tour-item/tour-item-morocco-women-only-tour/,keep or redirect,high,"Separate country, destination and tour intent during final route approval."
https://omayatravel.com/tour-item/women-only-tour-bulgaria/,sitemap,https://omayatravel.com/tour-item-sitemap.xml,200,https://omayatravel.com/tour-item/women-only-tour-bulgaria/,tour/destination candidate,Women-Only Tour Bulgaria — 8 Unforgettable Days | Omaya Travel,"Discover our women-only tour Bulgaria - a small-group journey through hidden villages, mountains, and traditions, made just for women who want more than the ordinary.",https://omayatravel.com/tour-item/women-only-tour-bulgaria/,"index, follow, max-snippet:-1, max-video-preview:-1, max-image-preview:large",Bulgaria Beyond the Ordinary | Women Only,,"BreadcrumbList, ListItem",13,50,https://omayatravel.com/september-2027/?preview=true | https://omayatravel.com/tour-item/?type%5B%5D=womens-only-tours-omaya | https://omayatravel.com/tour-list-standard-2/ | https://omayatravel.com/tour-carousel/ | https://omayatravel.com/tour-list-2/ | https://omayatravel.com/tour-list-gallery/ | https://omayatravel.com/women-only-tours/ | https://omayatravel.com/tour-search-page/ | https://omayatravel.com/september-2027/ | https://omayatravel.com/tour-list/ | https://omayatravel.com/tour-item/ | https://omayatravel.com/tour-item/women-only-tour-bulgaria/,https://omayatravel.com/tour-item/women-only-tour-bulgaria/ | https://omayatravel.com/tassili-najjer-national-park-algeria-guide/ | https://omayatravel.com/2026/07/ | https://omayatravel.com/the-complete-visitor-guide-to-rila-monastery/ | https://omayatravel.com/2026/04/ | https://omayatravel.com/ | https://omayatravel.com/tour-item/algeria-desert-expedition-tadrart-rouge/ | https://omayatravel.com/tour-item/bulgaria-trip/ | https://omayatravel.com/tour-item/safari-tour/ | https://omayatravel.com/tour-item/morocco-tour/ | https://omayatravel.com/classic-tours/ | https://omayatravel.com/women-only-tours/,https://www.facebook.com/tr?id=1606463407092899&ev=PageView&noscript=1 (alt: facebook) | https://i0.wp.com/omayatravel.com/wp-content/uploads/2018/02/logo-sidearea-1.png?fit=162%2C52&ssl=1 (alt: logo) | https://i0.wp.com/omayatravel.com/wp-content/uploads/2026/07/Algeria-Tassili-National-Park.webp?resize=150%2C150&ssl=1 (alt: Algeria Tassili n'Ajjer Desert Expedition) | https://i0.wp.com/omayatravel.com/wp-content/uploads/2026/04/Rila-Monastery-Article-2-Opt.webp?resize=150%2C150&ssl=1 (alt: MISSING) | https://omayatravel.com/wp-content/uploads/2026/04/Black_logo-e1781169999413.webp (alt: logo),/tour-item/women-only-tour-bulgaria/,keep or redirect,high,"Separate country, destination and tour intent during final route approval."
https://omayatravel.com/tour-item/women-only-tour-kyrgyzstan/,sitemap,https://omayatravel.com/tour-item-sitemap.xml,200,https://omayatravel.com/tour-item/women-only-tour-kyrgyzstan/,tour/destination candidate,Women-Only Tour Kyrgyzstan — 10 Unforgettable Days | Omaya Travel,"Our women-only tour Kyrgyzstan takes you through nomadic villages, mountain landscapes, and local traditions in a small, supportive group of women travelers.",https://omayatravel.com/tour-item/women-only-tour-kyrgyzstan/,"index, follow, max-snippet:-1, max-video-preview:-1, max-image-preview:large",Kyrgyzstan Discovery Tour | Women only,,"BreadcrumbList, ListItem",13,50,https://omayatravel.com/august-2027/ | https://omayatravel.com/tour-item/women-only-tour-kyrgyzstan/ | https://omayatravel.com/tour-item/?type%5B%5D=womens-only-tours-omaya | https://omayatravel.com/tour-list-standard-2/ | https://omayatravel.com/tour-carousel/ | https://omayatravel.com/tour-list-gallery/ | https://omayatravel.com/tour-list-2/ | https://omayatravel.com/august-2027/?preview=true | https://omayatravel.com/women-only-tours/ | https://omayatravel.com/tour-search-page/ | https://omayatravel.com/tour-list/ | https://omayatravel.com/tour-item/,https://omayatravel.com/tour-item/women-only-tour-kyrgyzstan/ | https://omayatravel.com/tassili-najjer-national-park-algeria-guide/ | https://omayatravel.com/2026/07/ | https://omayatravel.com/the-complete-visitor-guide-to-rila-monastery/ | https://omayatravel.com/2026/04/ | https://omayatravel.com/ | https://omayatravel.com/tour-item/algeria-desert-expedition-tadrart-rouge/ | https://omayatravel.com/tour-item/bulgaria-trip/ | https://omayatravel.com/tour-item/safari-tour/ | https://omayatravel.com/tour-item/morocco-tour/ | https://omayatravel.com/classic-tours/ | https://omayatravel.com/women-only-tours/,https://www.facebook.com/tr?id=1606463407092899&ev=PageView&noscript=1 (alt: facebook) | https://i0.wp.com/omayatravel.com/wp-content/uploads/2018/02/logo-sidearea-1.png?fit=162%2C52&ssl=1 (alt: logo) | https://i0.wp.com/omayatravel.com/wp-content/uploads/2026/07/Algeria-Tassili-National-Park.webp?resize=150%2C150&ssl=1 (alt: Algeria Tassili n'Ajjer Desert Expedition) | https://i0.wp.com/omayatravel.com/wp-content/uploads/2026/04/Rila-Monastery-Article-2-Opt.webp?resize=150%2C150&ssl=1 (alt: MISSING) | https://omayatravel.com/wp-content/uploads/2026/04/Black_logo-e1781169999413.webp (alt: logo),/tour-item/women-only-tour-kyrgyzstan/,keep or redirect,high,"Separate country, destination and tour intent during final route approval."
https://omayatravel.com/tour-list-2/,"internal crawl, sitemap",https://omayatravel.com/page-sitemap.xml,200,https://omayatravel.com/tour-list-2/,tour/destination candidate,Tour List 2nd - Omaya Travel,,https://omayatravel.com/tour-list-2/,"follow, index, max-snippet:-1, max-video-preview:-1, max-image-preview:large",Tour List 2nd,,"Article, BreadcrumbList, ImageObject, ListItem, Organization, Person, TravelAgency, WebPage, WebSite",1,39,https://omayatravel.com/tour-list-2/,https://omayatravel.com/tour-list-2/ | https://omayatravel.com/tassili-najjer-national-park-algeria-guide/ | https://omayatravel.com/2026/07/ | https://omayatravel.com/the-complete-visitor-guide-to-rila-monastery/ | https://omayatravel.com/2026/04/ | https://omayatravel.com/ | https://omayatravel.com/tour-item/algeria-desert-expedition-tadrart-rouge/ | https://omayatravel.com/tour-item/bulgaria-trip/ | https://omayatravel.com/tour-item/safari-tour/ | https://omayatravel.com/tour-item/morocco-tour/ | https://omayatravel.com/classic-tours/ | https://omayatravel.com/women-only-tours/,https://www.facebook.com/tr?id=1606463407092899&ev=PageView&noscript=1 (alt: facebook) | https://i0.wp.com/omayatravel.com/wp-content/uploads/2018/02/logo-sidearea-1.png?fit=162%2C52&ssl=1 (alt: logo) | https://i0.wp.com/omayatravel.com/wp-content/uploads/2026/07/Algeria-Tassili-National-Park.webp?resize=150%2C150&ssl=1 (alt: Algeria Tassili n'Ajjer Desert Expedition) | https://i0.wp.com/omayatravel.com/wp-content/uploads/2026/04/Rila-Monastery-Article-2-Opt.webp?resize=150%2C150&ssl=1 (alt: MISSING) | https://omayatravel.com/wp-content/uploads/2026/04/Black_logo-e1781169999413.webp (alt: logo),/tour-list-2/,keep or redirect,high,"Separate country, destination and tour intent during final route approval."
https://omayatravel.com/tour-list-carousel/,"internal crawl, sitemap",https://omayatravel.com/page-sitemap.xml,200,https://omayatravel.com/tour-list-carousel/,tour/destination candidate,Tour List Carousel pictures - Omaya Travel,,https://omayatravel.com/tour-list-carousel/,"follow, index, max-snippet:-1, max-video-preview:-1, max-image-preview:large",Tour List Carousel pictures,,"Article, BreadcrumbList, ImageObject, ListItem, Organization, Person, TravelAgency, WebPage, WebSite",1,39,https://omayatravel.com/tour-list-carousel/,https://omayatravel.com/tour-list-carousel/ | https://omayatravel.com/tassili-najjer-national-park-algeria-guide/ | https://omayatravel.com/2026/07/ | https://omayatravel.com/the-complete-visitor-guide-to-rila-monastery/ | https://omayatravel.com/2026/04/ | https://omayatravel.com/ | https://omayatravel.com/tour-item/algeria-desert-expedition-tadrart-rouge/ | https://omayatravel.com/tour-item/bulgaria-trip/ | https://omayatravel.com/tour-item/safari-tour/ | https://omayatravel.com/tour-item/morocco-tour/ | https://omayatravel.com/classic-tours/ | https://omayatravel.com/women-only-tours/,https://www.facebook.com/tr?id=1606463407092899&ev=PageView&noscript=1 (alt: facebook) | https://i0.wp.com/omayatravel.com/wp-content/uploads/2018/02/logo-sidearea-1.png?fit=162%2C52&ssl=1 (alt: logo) | https://i0.wp.com/omayatravel.com/wp-content/uploads/2026/07/Algeria-Tassili-National-Park.webp?resize=150%2C150&ssl=1 (alt: Algeria Tassili n'Ajjer Desert Expedition) | https://i0.wp.com/omayatravel.com/wp-content/uploads/2026/04/Rila-Monastery-Article-2-Opt.webp?resize=150%2C150&ssl=1 (alt: MISSING) | https://omayatravel.com/wp-content/uploads/2026/04/Black_logo-e1781169999413.webp (alt: logo),/tour-list-carousel/,keep or redirect,high,"Separate country, destination and tour intent during final route approval."
https://omayatravel.com/tour-list-gallery/,"internal crawl, navigation/home crawl, sitemap",https://omayatravel.com/page-sitemap.xml,200,https://omayatravel.com/tour-list-gallery/,tour/destination candidate,Tour List - Omaya Travel,,https://omayatravel.com/tour-list-gallery/,"follow, index, max-snippet:-1, max-video-preview:-1, max-image-preview:large",Tour List,,"Article, BreadcrumbList, ImageObject, ListItem, Organization, Person, TravelAgency, WebPage, WebSite",124,38,https://omayatravel.com/tabs/ | https://omayatravel.com/10-unmissable-places-to-visit-on-your-bulgaria-trip/ | https://omayatravel.com/checkout/ | https://omayatravel.com/wp-booking-calendar-time-appointments/ | https://omayatravel.com/countdown/ | https://omayatravel.com/tour-list-masonry/ | https://omayatravel.com/ | https://omayatravel.com/cookie-policy/ | https://omayatravel.com/dmc-partner-bulgaria/ | https://omayatravel.com/tour-carousel/ | https://omayatravel.com/2026/07/ | https://omayatravel.com/checkout-2/,https://omayatravel.com/tour-list-gallery/ | https://omayatravel.com/tassili-najjer-national-park-algeria-guide/ | https://omayatravel.com/2026/07/ | https://omayatravel.com/the-complete-visitor-guide-to-rila-monastery/ | https://omayatravel.com/2026/04/ | https://omayatravel.com/ | https://omayatravel.com/tour-item/algeria-desert-expedition-tadrart-rouge/ | https://omayatravel.com/tour-item/bulgaria-trip/ | https://omayatravel.com/tour-item/safari-tour/ | https://omayatravel.com/tour-item/morocco-tour/ | https://omayatravel.com/classic-tours/ | https://omayatravel.com/women-only-tours/,https://www.facebook.com/tr?id=1606463407092899&ev=PageView&noscript=1 (alt: facebook) | https://i0.wp.com/omayatravel.com/wp-content/uploads/2018/02/logo-sidearea-1.png?fit=162%2C52&ssl=1 (alt: logo) | https://i0.wp.com/omayatravel.com/wp-content/uploads/2026/07/Algeria-Tassili-National-Park.webp?resize=150%2C150&ssl=1 (alt: Algeria Tassili n'Ajjer Desert Expedition) | https://i0.wp.com/omayatravel.com/wp-content/uploads/2026/04/Rila-Monastery-Article-2-Opt.webp?resize=150%2C150&ssl=1 (alt: MISSING) | https://omayatravel.com/wp-content/uploads/2026/04/Black_logo-e1781169999413.webp (alt: logo),/tour-list-gallery/,keep or redirect,high,"Separate country, destination and tour intent during final route approval."
https://omayatravel.com/tour-list-masonry/,"internal crawl, sitemap",https://omayatravel.com/page-sitemap.xml,200,https://omayatravel.com/tour-list-masonry/,tour/destination candidate,Tour List Masonry - Omaya Travel,,https://omayatravel.com/tour-list-masonry/,"follow, index, max-snippet:-1, max-video-preview:-1, max-image-preview:large",Tour List Masonry,,"Article, BreadcrumbList, ImageObject, ListItem, Organization, Person, TravelAgency, WebPage, WebSite",1,37,https://omayatravel.com/tour-list-masonry/,https://omayatravel.com/tour-list-masonry/ | https://omayatravel.com/tassili-najjer-national-park-algeria-guide/ | https://omayatravel.com/2026/07/ | https://omayatravel.com/the-complete-visitor-guide-to-rila-monastery/ | https://omayatravel.com/2026/04/ | https://omayatravel.com/ | https://omayatravel.com/tour-item/algeria-desert-expedition-tadrart-rouge/ | https://omayatravel.com/tour-item/bulgaria-trip/ | https://omayatravel.com/tour-item/safari-tour/ | https://omayatravel.com/tour-item/morocco-tour/ | https://omayatravel.com/classic-tours/ | https://omayatravel.com/women-only-tours/,https://www.facebook.com/tr?id=1606463407092899&ev=PageView&noscript=1 (alt: facebook) | https://i0.wp.com/omayatravel.com/wp-content/uploads/2018/02/logo-sidearea-1.png?fit=162%2C52&ssl=1 (alt: logo) | https://i0.wp.com/omayatravel.com/wp-content/uploads/2026/07/Algeria-Tassili-National-Park.webp?resize=150%2C150&ssl=1 (alt: Algeria Tassili n'Ajjer Desert Expedition) | https://i0.wp.com/omayatravel.com/wp-content/uploads/2026/04/Rila-Monastery-Article-2-Opt.webp?resize=150%2C150&ssl=1 (alt: MISSING) | https://omayatravel.com/wp-content/uploads/2026/04/Black_logo-e1781169999413.webp (alt: logo),/tour-list-masonry/,keep or redirect,high,"Separate country, destination and tour intent during final route approval."
https://omayatravel.com/tour-list-standard-2/,"internal crawl, sitemap",https://omayatravel.com/page-sitemap.xml,200,https://omayatravel.com/tour-list-standard-2/,tour/destination candidate,Tour List Standard pictures - Omaya Travel,,https://omayatravel.com/tour-list-standard-2/,"follow, index, max-snippet:-1, max-video-preview:-1, max-image-preview:large",Tour List Standard pictures,,"Article, BreadcrumbList, ImageObject, ListItem, Organization, Person, TravelAgency, WebPage, WebSite",1,37,https://omayatravel.com/tour-list-standard-2/,https://omayatravel.com/tour-list-standard-2/ | https://omayatravel.com/tassili-najjer-national-park-algeria-guide/ | https://omayatravel.com/2026/07/ | https://omayatravel.com/the-complete-visitor-guide-to-rila-monastery/ | https://omayatravel.com/2026/04/ | https://omayatravel.com/ | https://omayatravel.com/tour-item/algeria-desert-expedition-tadrart-rouge/ | https://omayatravel.com/tour-item/bulgaria-trip/ | https://omayatravel.com/tour-item/safari-tour/ | https://omayatravel.com/tour-item/morocco-tour/ | https://omayatravel.com/classic-tours/ | https://omayatravel.com/women-only-tours/,https://www.facebook.com/tr?id=1606463407092899&ev=PageView&noscript=1 (alt: facebook) | https://i0.wp.com/omayatravel.com/wp-content/uploads/2018/02/logo-sidearea-1.png?fit=162%2C52&ssl=1 (alt: logo) | https://i0.wp.com/omayatravel.com/wp-content/uploads/2026/07/Algeria-Tassili-National-Park.webp?resize=150%2C150&ssl=1 (alt: Algeria Tassili n'Ajjer Desert Expedition) | https://i0.wp.com/omayatravel.com/wp-content/uploads/2026/04/Rila-Monastery-Article-2-Opt.webp?resize=150%2C150&ssl=1 (alt: MISSING) | https://omayatravel.com/wp-content/uploads/2026/04/Black_logo-e1781169999413.webp (alt: logo),/tour-list-standard-2/,keep or redirect,high,"Separate country, destination and tour intent during final route approval."
https://omayatravel.com/tour-list/,"internal crawl, sitemap",https://omayatravel.com/page-sitemap.xml,200,https://omayatravel.com/tour-list/,tour/destination candidate,Tour List more options - Omaya Travel,,https://omayatravel.com/tour-list/,"follow, index, max-snippet:-1, max-video-preview:-1, max-image-preview:large",Tour List more options,,"Article, BreadcrumbList, ImageObject, ListItem, Organization, Person, TravelAgency, WebPage, WebSite",1,37,https://omayatravel.com/tour-list/,https://omayatravel.com/tour-list/ | https://omayatravel.com/tassili-najjer-national-park-algeria-guide/ | https://omayatravel.com/2026/07/ | https://omayatravel.com/the-complete-visitor-guide-to-rila-monastery/ | https://omayatravel.com/2026/04/ | https://omayatravel.com/ | https://omayatravel.com/tour-item/algeria-desert-expedition-tadrart-rouge/ | https://omayatravel.com/tour-item/bulgaria-trip/ | https://omayatravel.com/tour-item/safari-tour/ | https://omayatravel.com/tour-item/morocco-tour/ | https://omayatravel.com/classic-tours/ | https://omayatravel.com/women-only-tours/,https://www.facebook.com/tr?id=1606463407092899&ev=PageView&noscript=1 (alt: facebook) | https://i0.wp.com/omayatravel.com/wp-content/uploads/2018/02/logo-sidearea-1.png?fit=162%2C52&ssl=1 (alt: logo) | https://i0.wp.com/omayatravel.com/wp-content/uploads/2026/07/Algeria-Tassili-National-Park.webp?resize=150%2C150&ssl=1 (alt: Algeria Tassili n'Ajjer Desert Expedition) | https://i0.wp.com/omayatravel.com/wp-content/uploads/2026/04/Rila-Monastery-Article-2-Opt.webp?resize=150%2C150&ssl=1 (alt: MISSING) | https://omayatravel.com/wp-content/uploads/2026/04/Black_logo-e1781169999413.webp (alt: logo),/tour-list/,keep or redirect,high,"Separate country, destination and tour intent during final route approval."
https://omayatravel.com/tour-search-page/,"internal crawl, sitemap",https://omayatravel.com/page-sitemap.xml,200,https://omayatravel.com/tour-search-page/,tour/destination candidate,Tour Search Page - Omaya Travel,,https://omayatravel.com/tour-search-page/,"follow, index, max-snippet:-1, max-video-preview:-1, max-image-preview:large",Tour Search Page,,"Article, BreadcrumbList, ImageObject, ListItem, Organization, Person, TravelAgency, WebPage, WebSite",1,42,https://omayatravel.com/tour-search-page/,https://omayatravel.com/tour-search-page/ | https://omayatravel.com/tassili-najjer-national-park-algeria-guide/ | https://omayatravel.com/2026/07/ | https://omayatravel.com/the-complete-visitor-guide-to-rila-monastery/ | https://omayatravel.com/2026/04/ | https://omayatravel.com/ | https://omayatravel.com/tour-item/algeria-desert-expedition-tadrart-rouge/ | https://omayatravel.com/tour-item/bulgaria-trip/ | https://omayatravel.com/tour-item/safari-tour/ | https://omayatravel.com/tour-item/morocco-tour/ | https://omayatravel.com/classic-tours/ | https://omayatravel.com/women-only-tours/,https://www.facebook.com/tr?id=1606463407092899&ev=PageView&noscript=1 (alt: facebook) | https://i0.wp.com/omayatravel.com/wp-content/uploads/2018/02/logo-sidearea-1.png?fit=162%2C52&ssl=1 (alt: logo) | https://i0.wp.com/omayatravel.com/wp-content/uploads/2026/07/Algeria-Tassili-National-Park.webp?resize=150%2C150&ssl=1 (alt: Algeria Tassili n'Ajjer Desert Expedition) | https://i0.wp.com/omayatravel.com/wp-content/uploads/2026/04/Rila-Monastery-Article-2-Opt.webp?resize=150%2C150&ssl=1 (alt: MISSING) | https://omayatravel.com/wp-content/uploads/2026/04/Black_logo-e1781169999413.webp (alt: logo),/tour-search-page/,keep or redirect,high,"Separate country, destination and tour intent during final route approval."
https://omayatravel.com/video-button/,sitemap,https://omayatravel.com/page-sitemap.xml,200,https://omayatravel.com/video-button/,content page,Video Button - Omaya Travel,,https://omayatravel.com/video-button/,"follow, index, max-snippet:-1, max-video-preview:-1, max-image-preview:large",Video Button,,"Article, BreadcrumbList, ImageObject, ListItem, Organization, Person, TravelAgency, WebPage, WebSite",1,33,https://omayatravel.com/video-button/,https://omayatravel.com/video-button/ | https://omayatravel.com/tassili-najjer-national-park-algeria-guide/ | https://omayatravel.com/2026/07/ | https://omayatravel.com/the-complete-visitor-guide-to-rila-monastery/ | https://omayatravel.com/2026/04/ | https://omayatravel.com/ | https://omayatravel.com/tour-item/algeria-desert-expedition-tadrart-rouge/ | https://omayatravel.com/tour-item/bulgaria-trip/ | https://omayatravel.com/tour-item/safari-tour/ | https://omayatravel.com/tour-item/morocco-tour/ | https://omayatravel.com/classic-tours/ | https://omayatravel.com/women-only-tours/,https://www.facebook.com/tr?id=1606463407092899&ev=PageView&noscript=1 (alt: facebook) | https://i0.wp.com/omayatravel.com/wp-content/uploads/2018/02/logo-sidearea-1.png?fit=162%2C52&ssl=1 (alt: logo) | https://i0.wp.com/omayatravel.com/wp-content/uploads/2026/07/Algeria-Tassili-National-Park.webp?resize=150%2C150&ssl=1 (alt: Algeria Tassili n'Ajjer Desert Expedition) | https://i0.wp.com/omayatravel.com/wp-content/uploads/2026/04/Rila-Monastery-Article-2-Opt.webp?resize=150%2C150&ssl=1 (alt: MISSING) | https://omayatravel.com/wp-content/uploads/2026/04/Black_logo-e1781169999413.webp (alt: logo),/video-button/,keep or redirect,medium,Route architecture should decide whether to preserve slug or consolidate.
https://omayatravel.com/why-book-with-us/,"internal crawl, navigation/home crawl, sitemap",https://omayatravel.com/page-sitemap.xml,200,https://omayatravel.com/why-book-with-us/,tour/destination candidate,Why book with us? - Omaya Travel,"It’s the result of thoughtful planning, the right balance of experiences, and the people behind your trip – from the first email exchange to the local guides",https://omayatravel.com/why-book-with-us/,"follow, index, max-snippet:-1, max-video-preview:-1, max-image-preview:large",Why book with us?,"Small Groups, Better Experiences | Thoughtfully Designed Itineraries | Experience You Can Rely On | The People Behind Your Journey","Article, BreadcrumbList, ImageObject, ListItem, Organization, Person, TravelAgency, WebPage, WebSite",124,32,https://omayatravel.com/tabs/ | https://omayatravel.com/10-unmissable-places-to-visit-on-your-bulgaria-trip/ | https://omayatravel.com/checkout/ | https://omayatravel.com/wp-booking-calendar-time-appointments/ | https://omayatravel.com/countdown/ | https://omayatravel.com/tour-list-masonry/ | https://omayatravel.com/ | https://omayatravel.com/cookie-policy/ | https://omayatravel.com/dmc-partner-bulgaria/ | https://omayatravel.com/tour-carousel/ | https://omayatravel.com/2026/07/ | https://omayatravel.com/checkout-2/,https://omayatravel.com/why-book-with-us/ | https://omayatravel.com/tassili-najjer-national-park-algeria-guide/ | https://omayatravel.com/2026/07/ | https://omayatravel.com/the-complete-visitor-guide-to-rila-monastery/ | https://omayatravel.com/2026/04/ | https://omayatravel.com/ | https://omayatravel.com/tour-item/algeria-desert-expedition-tadrart-rouge/ | https://omayatravel.com/tour-item/bulgaria-trip/ | https://omayatravel.com/tour-item/safari-tour/ | https://omayatravel.com/tour-item/morocco-tour/ | https://omayatravel.com/classic-tours/ | https://omayatravel.com/women-only-tours/,https://www.facebook.com/tr?id=1606463407092899&ev=PageView&noscript=1 (alt: facebook) | https://i0.wp.com/omayatravel.com/wp-content/uploads/2018/02/logo-sidearea-1.png?fit=162%2C52&ssl=1 (alt: logo) | https://i0.wp.com/omayatravel.com/wp-content/uploads/2026/07/Algeria-Tassili-National-Park.webp?resize=150%2C150&ssl=1 (alt: Algeria Tassili n'Ajjer Desert Expedition) | https://i0.wp.com/omayatravel.com/wp-content/uploads/2026/04/Rila-Monastery-Article-2-Opt.webp?resize=150%2C150&ssl=1 (alt: MISSING) | https://omayatravel.com/wp-content/uploads/2026/04/Black_logo-e1781169999413.webp (alt: logo),/why-book-with-us/,keep or redirect,high,"Separate country, destination and tour intent during final route approval."
https://omayatravel.com/wishlist/,"internal crawl, sitemap",https://omayatravel.com/page-sitemap.xml,200,https://omayatravel.com/wishlist/,content page,Wishlist - Omaya Travel,,https://omayatravel.com/wishlist/,"follow, index, max-snippet:-1, max-video-preview:-1, max-image-preview:large",Wishlist,,"Article, BreadcrumbList, ImageObject, ListItem, Organization, Person, TravelAgency, WebPage, WebSite",1,33,https://omayatravel.com/wishlist/,https://omayatravel.com/wishlist/ | https://omayatravel.com/tassili-najjer-national-park-algeria-guide/ | https://omayatravel.com/2026/07/ | https://omayatravel.com/the-complete-visitor-guide-to-rila-monastery/ | https://omayatravel.com/2026/04/ | https://omayatravel.com/ | https://omayatravel.com/tour-item/algeria-desert-expedition-tadrart-rouge/ | https://omayatravel.com/tour-item/bulgaria-trip/ | https://omayatravel.com/tour-item/safari-tour/ | https://omayatravel.com/tour-item/morocco-tour/ | https://omayatravel.com/classic-tours/ | https://omayatravel.com/women-only-tours/,https://www.facebook.com/tr?id=1606463407092899&ev=PageView&noscript=1 (alt: facebook) | https://i0.wp.com/omayatravel.com/wp-content/uploads/2018/02/logo-sidearea-1.png?fit=162%2C52&ssl=1 (alt: logo) | https://i0.wp.com/omayatravel.com/wp-content/uploads/2026/07/Algeria-Tassili-National-Park.webp?resize=150%2C150&ssl=1 (alt: Algeria Tassili n'Ajjer Desert Expedition) | https://i0.wp.com/omayatravel.com/wp-content/uploads/2026/04/Rila-Monastery-Article-2-Opt.webp?resize=150%2C150&ssl=1 (alt: MISSING) | https://omayatravel.com/wp-content/uploads/2026/04/Black_logo-e1781169999413.webp (alt: logo),/wishlist/,keep or redirect,medium,Route architecture should decide whether to preserve slug or consolidate.
https://omayatravel.com/women-only-tours/,"internal crawl, navigation/home crawl, sitemap",https://omayatravel.com/page-sitemap.xml,200,https://omayatravel.com/women-only-tours/,tour/destination candidate,Women Only Tours - Omaya Travel,,https://omayatravel.com/women-only-tours/,"index, follow, max-snippet:-1, max-video-preview:-1, max-image-preview:large",Women Only Tours,,"Article, BreadcrumbList, ImageObject, ListItem, Organization, Person, TravelAgency, WebPage, WebSite",124,35,https://omayatravel.com/tabs/ | https://omayatravel.com/10-unmissable-places-to-visit-on-your-bulgaria-trip/ | https://omayatravel.com/checkout/ | https://omayatravel.com/wp-booking-calendar-time-appointments/ | https://omayatravel.com/countdown/ | https://omayatravel.com/tour-list-masonry/ | https://omayatravel.com/ | https://omayatravel.com/cookie-policy/ | https://omayatravel.com/dmc-partner-bulgaria/ | https://omayatravel.com/tour-carousel/ | https://omayatravel.com/2026/07/ | https://omayatravel.com/checkout-2/,https://omayatravel.com/women-only-tours/ | https://omayatravel.com/tassili-najjer-national-park-algeria-guide/ | https://omayatravel.com/2026/07/ | https://omayatravel.com/the-complete-visitor-guide-to-rila-monastery/ | https://omayatravel.com/2026/04/ | https://omayatravel.com/ | https://omayatravel.com/tour-item/algeria-desert-expedition-tadrart-rouge/ | https://omayatravel.com/tour-item/bulgaria-trip/ | https://omayatravel.com/tour-item/safari-tour/ | https://omayatravel.com/tour-item/morocco-tour/ | https://omayatravel.com/classic-tours/ | https://omayatravel.com/solo-travellers/?preview=true,https://www.facebook.com/tr?id=1606463407092899&ev=PageView&noscript=1 (alt: facebook) | https://i0.wp.com/omayatravel.com/wp-content/uploads/2018/02/logo-sidearea-1.png?fit=162%2C52&ssl=1 (alt: logo) | https://i0.wp.com/omayatravel.com/wp-content/uploads/2026/07/Algeria-Tassili-National-Park.webp?resize=150%2C150&ssl=1 (alt: Algeria Tassili n'Ajjer Desert Expedition) | https://i0.wp.com/omayatravel.com/wp-content/uploads/2026/04/Rila-Monastery-Article-2-Opt.webp?resize=150%2C150&ssl=1 (alt: MISSING) | https://omayatravel.com/wp-content/uploads/2026/04/Black_logo-e1781169999413.webp (alt: logo),/women-only-tours/,keep or redirect,high,"Separate country, destination and tour intent during final route approval."
https://omayatravel.com/wp-admin/,internal crawl,,200,https://omayatravel.com/wp-login.php?redirect_to=https%3A%2F%2Fomayatravel.com%2Fwp-admin%2F&reauth=1,content page,Log In ‹ Omaya Travel — WordPress,,,"max-image-preview:large, noindex, noarchive",Log In | Powered by WordPress,,,1,5,https://omayatravel.com/sample-page/,https://omayatravel.com/wp-login.php?action=jetpack-sso&redirect_to=https%3A%2F%2Fomayatravel.com%2Fwp-admin%2F | https://omayatravel.com/wp-login.php?redirect_to=https%3A%2F%2Fomayatravel.com%2Fwp-admin%2F&reauth=1&jetpack-sso-show-default-form=1 | https://omayatravel.com/wp-login.php?redirect_to=https%3A%2F%2Fomayatravel.com%2Fwp-admin%2F&reauth=1&jetpack-sso-show-default-form=0 | https://omayatravel.com/wp-login.php?action=lostpassword | https://omayatravel.com/,,/wp-admin/,noindex,low,Current page declares noindex.
https://omayatravel.com/wp-booking-calendar-contact/,"internal crawl, sitemap",https://omayatravel.com/page-sitemap.xml,200,https://omayatravel.com/wp-booking-calendar-contact/,content page,Contact Form - Omaya Travel,[booking resource_id=1 form_type=’contact_form’],https://omayatravel.com/wp-booking-calendar-contact/,"follow, index, max-snippet:-1, max-video-preview:-1, max-image-preview:large",Contact Form,,"Article, BreadcrumbList, ImageObject, ListItem, Organization, Person, TravelAgency, WebPage, WebSite",1,33,https://omayatravel.com/wp-booking-calendar-contact/,https://omayatravel.com/wp-booking-calendar-contact/ | https://omayatravel.com/tassili-najjer-national-park-algeria-guide/ | https://omayatravel.com/2026/07/ | https://omayatravel.com/the-complete-visitor-guide-to-rila-monastery/ | https://omayatravel.com/2026/04/ | https://omayatravel.com/ | https://omayatravel.com/tour-item/algeria-desert-expedition-tadrart-rouge/ | https://omayatravel.com/tour-item/bulgaria-trip/ | https://omayatravel.com/tour-item/safari-tour/ | https://omayatravel.com/tour-item/morocco-tour/ | https://omayatravel.com/classic-tours/ | https://omayatravel.com/women-only-tours/,https://www.facebook.com/tr?id=1606463407092899&ev=PageView&noscript=1 (alt: facebook) | https://i0.wp.com/omayatravel.com/wp-content/uploads/2018/02/logo-sidearea-1.png?fit=162%2C52&ssl=1 (alt: logo) | https://i0.wp.com/omayatravel.com/wp-content/uploads/2026/07/Algeria-Tassili-National-Park.webp?resize=150%2C150&ssl=1 (alt: Algeria Tassili n'Ajjer Desert Expedition) | https://i0.wp.com/omayatravel.com/wp-content/uploads/2026/04/Rila-Monastery-Article-2-Opt.webp?resize=150%2C150&ssl=1 (alt: MISSING) | https://omayatravel.com/wp-content/uploads/2026/04/Black_logo-e1781169999413.webp (alt: logo),/wp-booking-calendar-contact/,keep or redirect,medium,Route architecture should decide whether to preserve slug or consolidate.
https://omayatravel.com/wp-booking-calendar-full-day/,"internal crawl, sitemap",https://omayatravel.com/page-sitemap.xml,200,https://omayatravel.com/wp-booking-calendar-full-day/,content page,Full Day Booking - Omaya Travel,[booking resource_id=1 form_type=’full_day_booking’],https://omayatravel.com/wp-booking-calendar-full-day/,"follow, index, max-snippet:-1, max-video-preview:-1, max-image-preview:large",Full Day Booking,,"Article, BreadcrumbList, ImageObject, ListItem, Organization, Person, TravelAgency, WebPage, WebSite",1,33,https://omayatravel.com/wp-booking-calendar-full-day/,https://omayatravel.com/wp-booking-calendar-full-day/ | https://omayatravel.com/tassili-najjer-national-park-algeria-guide/ | https://omayatravel.com/2026/07/ | https://omayatravel.com/the-complete-visitor-guide-to-rila-monastery/ | https://omayatravel.com/2026/04/ | https://omayatravel.com/ | https://omayatravel.com/tour-item/algeria-desert-expedition-tadrart-rouge/ | https://omayatravel.com/tour-item/bulgaria-trip/ | https://omayatravel.com/tour-item/safari-tour/ | https://omayatravel.com/tour-item/morocco-tour/ | https://omayatravel.com/classic-tours/ | https://omayatravel.com/women-only-tours/,https://www.facebook.com/tr?id=1606463407092899&ev=PageView&noscript=1 (alt: facebook) | https://i0.wp.com/omayatravel.com/wp-content/uploads/2018/02/logo-sidearea-1.png?fit=162%2C52&ssl=1 (alt: logo) | https://i0.wp.com/omayatravel.com/wp-content/uploads/2026/07/Algeria-Tassili-National-Park.webp?resize=150%2C150&ssl=1 (alt: Algeria Tassili n'Ajjer Desert Expedition) | https://i0.wp.com/omayatravel.com/wp-content/uploads/2026/04/Rila-Monastery-Article-2-Opt.webp?resize=150%2C150&ssl=1 (alt: MISSING) | https://omayatravel.com/wp-content/uploads/2026/04/Black_logo-e1781169999413.webp (alt: logo),/wp-booking-calendar-full-day/,keep or redirect,medium,Route architecture should decide whether to preserve slug or consolidate.
https://omayatravel.com/wp-booking-calendar-time-appointments/,"internal crawl, sitemap",https://omayatravel.com/page-sitemap.xml,200,https://omayatravel.com/wp-booking-calendar-time-appointments/,content page,Time Appointments Booking - Omaya Travel,[booking resource_id=1 form_type=’time_appointments_booking’],https://omayatravel.com/wp-booking-calendar-time-appointments/,"follow, index, max-snippet:-1, max-video-preview:-1, max-image-preview:large",Time Appointments Booking,,"Article, BreadcrumbList, ImageObject, ListItem, Organization, Person, TravelAgency, WebPage, WebSite",1,33,https://omayatravel.com/wp-booking-calendar-time-appointments/,https://omayatravel.com/wp-booking-calendar-time-appointments/ | https://omayatravel.com/tassili-najjer-national-park-algeria-guide/ | https://omayatravel.com/2026/07/ | https://omayatravel.com/the-complete-visitor-guide-to-rila-monastery/ | https://omayatravel.com/2026/04/ | https://omayatravel.com/ | https://omayatravel.com/tour-item/algeria-desert-expedition-tadrart-rouge/ | https://omayatravel.com/tour-item/bulgaria-trip/ | https://omayatravel.com/tour-item/safari-tour/ | https://omayatravel.com/tour-item/morocco-tour/ | https://omayatravel.com/classic-tours/ | https://omayatravel.com/women-only-tours/,https://www.facebook.com/tr?id=1606463407092899&ev=PageView&noscript=1 (alt: facebook) | https://i0.wp.com/omayatravel.com/wp-content/uploads/2018/02/logo-sidearea-1.png?fit=162%2C52&ssl=1 (alt: logo) | https://i0.wp.com/omayatravel.com/wp-content/uploads/2026/07/Algeria-Tassili-National-Park.webp?resize=150%2C150&ssl=1 (alt: Algeria Tassili n'Ajjer Desert Expedition) | https://i0.wp.com/omayatravel.com/wp-content/uploads/2026/04/Rila-Monastery-Article-2-Opt.webp?resize=150%2C150&ssl=1 (alt: MISSING) | https://omayatravel.com/wp-content/uploads/2026/04/Black_logo-e1781169999413.webp (alt: logo),/wp-booking-calendar-time-appointments/,keep or redirect,medium,Route architecture should decide whether to preserve slug or consolidate.
https://omayatravel.com/wp-booking-calendar-time-slots/,"internal crawl, sitemap",https://omayatravel.com/page-sitemap.xml,200,https://omayatravel.com/wp-booking-calendar-time-slots/,content page,Time Slots Booking - Omaya Travel,[booking resource_id=1 form_type=’time_slots_booking’],https://omayatravel.com/wp-booking-calendar-time-slots/,"follow, index, max-snippet:-1, max-video-preview:-1, max-image-preview:large",Time Slots Booking,,"Article, BreadcrumbList, ImageObject, ListItem, Organization, Person, TravelAgency, WebPage, WebSite",1,33,https://omayatravel.com/wp-booking-calendar-time-slots/,https://omayatravel.com/wp-booking-calendar-time-slots/ | https://omayatravel.com/tassili-najjer-national-park-algeria-guide/ | https://omayatravel.com/2026/07/ | https://omayatravel.com/the-complete-visitor-guide-to-rila-monastery/ | https://omayatravel.com/2026/04/ | https://omayatravel.com/ | https://omayatravel.com/tour-item/algeria-desert-expedition-tadrart-rouge/ | https://omayatravel.com/tour-item/bulgaria-trip/ | https://omayatravel.com/tour-item/safari-tour/ | https://omayatravel.com/tour-item/morocco-tour/ | https://omayatravel.com/classic-tours/ | https://omayatravel.com/women-only-tours/,https://www.facebook.com/tr?id=1606463407092899&ev=PageView&noscript=1 (alt: facebook) | https://i0.wp.com/omayatravel.com/wp-content/uploads/2018/02/logo-sidearea-1.png?fit=162%2C52&ssl=1 (alt: logo) | https://i0.wp.com/omayatravel.com/wp-content/uploads/2026/07/Algeria-Tassili-National-Park.webp?resize=150%2C150&ssl=1 (alt: Algeria Tassili n'Ajjer Desert Expedition) | https://i0.wp.com/omayatravel.com/wp-content/uploads/2026/04/Rila-Monastery-Article-2-Opt.webp?resize=150%2C150&ssl=1 (alt: MISSING) | https://omayatravel.com/wp-content/uploads/2026/04/Black_logo-e1781169999413.webp (alt: logo),/wp-booking-calendar-time-slots/,keep or redirect,medium,Route architecture should decide whether to preserve slug or consolidate.
https://omayatravel.com/wp-content/uploads/2018/03/Buzludzha-Monument.webp,internal crawl,,200,https://omayatravel.com/wp-content/uploads/2018/03/Buzludzha-Monument.webp,content page,,,,indexable unless blocked elsewhere,,,,4,0,https://omayatravel.com/tour-item/bulgaria-trip/ | https://omayatravel.com/tour-item/women-only-tour-bulgaria/ | https://omayatravel.com/tour-item/bulgaria-beyond-the-ordinary/ | https://omayatravel.com/tour-item/forest-adventure/,,,/wp-content/uploads/2018/03/Buzludzha-Monument.webp,keep or redirect,medium,Route architecture should decide whether to preserve slug or consolidate.
https://omayatravel.com/wp-content/uploads/2018/03/Gelina-Ritual-in-Ribnovo.webp,internal crawl,,200,https://omayatravel.com/wp-content/uploads/2018/03/Gelina-Ritual-in-Ribnovo.webp,content page,,,,indexable unless blocked elsewhere,,,,4,0,https://omayatravel.com/tour-item/bulgaria-trip/ | https://omayatravel.com/tour-item/women-only-tour-bulgaria/ | https://omayatravel.com/tour-item/bulgaria-beyond-the-ordinary/ | https://omayatravel.com/tour-item/forest-adventure/,,,/wp-content/uploads/2018/03/Gelina-Ritual-in-Ribnovo.webp,keep or redirect,medium,Route architecture should decide whether to preserve slug or consolidate.
https://omayatravel.com/wp-content/uploads/2018/03/Rila-Monasterry-Bulgaria.webp,internal crawl,,200,https://omayatravel.com/wp-content/uploads/2018/03/Rila-Monasterry-Bulgaria.webp,content page,,,,indexable unless blocked elsewhere,,,,4,0,https://omayatravel.com/tour-item/bulgaria-trip/ | https://omayatravel.com/tour-item/women-only-tour-bulgaria/ | https://omayatravel.com/tour-item/bulgaria-beyond-the-ordinary/ | https://omayatravel.com/tour-item/forest-adventure/,,,/wp-content/uploads/2018/03/Rila-Monasterry-Bulgaria.webp,keep or redirect,medium,Route architecture should decide whether to preserve slug or consolidate.
https://omayatravel.com/wp-content/uploads/2018/03/Sofia-City-Tour-Bulgaria.webp,internal crawl,,200,https://omayatravel.com/wp-content/uploads/2018/03/Sofia-City-Tour-Bulgaria.webp,tour/destination candidate,,,,indexable unless blocked elsewhere,,,,4,0,https://omayatravel.com/tour-item/bulgaria-trip/ | https://omayatravel.com/tour-item/women-only-tour-bulgaria/ | https://omayatravel.com/tour-item/bulgaria-beyond-the-ordinary/ | https://omayatravel.com/tour-item/forest-adventure/,,,/wp-content/uploads/2018/03/Sofia-City-Tour-Bulgaria.webp,keep or redirect,high,"Separate country, destination and tour intent during final route approval."
https://omayatravel.com/wp-login.php?action=jetpack-sso&redirect_to=https%3A%2F%2Fomayatravel.com%2Fwp-admin%2F,internal crawl,,200,https://wordpress.com/log-in?redirect_to=https%3A%2F%2Fwordpress.com%2Fwp-login.php%3Faction%3Djetpack-sso%26site_id%3D244405794%26sso_nonce%3Damfp3ox91rofewfikdfo,content page,WordPress.comWordPress,,,noindex,,,,3,0,https://omayatravel.com/wp-login.php?redirect_to=https%3A%2F%2Fomayatravel.com%2Fwp-admin%2F&reauth=1&jetpack-sso-show-default-form=1 | https://omayatravel.com/wp-admin/ | https://omayatravel.com/wp-login.php?redirect_to=https%3A%2F%2Fomayatravel.com%2Fwp-admin%2F&reauth=1&jetpack-sso-show-default-form=0,,,/wp-login.php,noindex,low,Query/filter URL discovered; avoid indexing unless deliberately designed.
https://omayatravel.com/wp-login.php?action=lostpassword,navigation/home crawl,,200,https://omayatravel.com/wp-login.php?action=lostpassword,content page,Lost Password ‹ Omaya Travel — WordPress,,,"max-image-preview:large, noindex, noarchive",Lost Password | Powered by WordPress,,,127,2,https://omayatravel.com/tabs/ | https://omayatravel.com/10-unmissable-places-to-visit-on-your-bulgaria-trip/ | https://omayatravel.com/checkout/ | https://omayatravel.com/wp-booking-calendar-time-appointments/ | https://omayatravel.com/countdown/ | https://omayatravel.com/tour-list-masonry/ | https://omayatravel.com/ | https://omayatravel.com/cookie-policy/ | https://omayatravel.com/dmc-partner-bulgaria/ | https://omayatravel.com/tour-carousel/ | https://omayatravel.com/2026/07/ | https://omayatravel.com/checkout-2/,https://omayatravel.com/wp-login.php | https://omayatravel.com/,,/wp-login.php,noindex,low,Query/filter URL discovered; avoid indexing unless deliberately designed.
https://omayatravel.com/wp-login.php?redirect_to=https%3A%2F%2Fomayatravel.com%2Fwp-admin%2F&reauth=1&jetpack-sso-show-default-form=0,internal crawl,,200,https://omayatravel.com/wp-login.php?redirect_to=https%3A%2F%2Fomayatravel.com%2Fwp-admin%2F&reauth=1&jetpack-sso-show-default-form=0,content page,Log In ‹ Omaya Travel — WordPress,,,"max-image-preview:large, noindex, noarchive",Log In | Powered by WordPress,,,3,5,https://omayatravel.com/wp-login.php?redirect_to=https%3A%2F%2Fomayatravel.com%2Fwp-admin%2F&reauth=1&jetpack-sso-show-default-form=1 | https://omayatravel.com/wp-admin/ | https://omayatravel.com/wp-login.php?redirect_to=https%3A%2F%2Fomayatravel.com%2Fwp-admin%2F&reauth=1&jetpack-sso-show-default-form=0,https://omayatravel.com/wp-login.php?action=jetpack-sso&redirect_to=https%3A%2F%2Fomayatravel.com%2Fwp-admin%2F | https://omayatravel.com/wp-login.php?redirect_to=https%3A%2F%2Fomayatravel.com%2Fwp-admin%2F&reauth=1&jetpack-sso-show-default-form=1 | https://omayatravel.com/wp-login.php?redirect_to=https%3A%2F%2Fomayatravel.com%2Fwp-admin%2F&reauth=1&jetpack-sso-show-default-form=0 | https://omayatravel.com/wp-login.php?action=lostpassword | https://omayatravel.com/,,/wp-login.php,noindex,low,Query/filter URL discovered; avoid indexing unless deliberately designed.
https://omayatravel.com/wp-login.php?redirect_to=https%3A%2F%2Fomayatravel.com%2Fwp-admin%2F&reauth=1&jetpack-sso-show-default-form=1,internal crawl,,200,https://omayatravel.com/wp-login.php?redirect_to=https%3A%2F%2Fomayatravel.com%2Fwp-admin%2F&reauth=1&jetpack-sso-show-default-form=1,content page,Log In ‹ Omaya Travel — WordPress,,,"max-image-preview:large, noindex, noarchive",Log In | Powered by WordPress,,,3,5,https://omayatravel.com/wp-login.php?redirect_to=https%3A%2F%2Fomayatravel.com%2Fwp-admin%2F&reauth=1&jetpack-sso-show-default-form=1 | https://omayatravel.com/wp-admin/ | https://omayatravel.com/wp-login.php?redirect_to=https%3A%2F%2Fomayatravel.com%2Fwp-admin%2F&reauth=1&jetpack-sso-show-default-form=0,https://omayatravel.com/wp-login.php?action=jetpack-sso&redirect_to=https%3A%2F%2Fomayatravel.com%2Fwp-admin%2F | https://omayatravel.com/wp-login.php?redirect_to=https%3A%2F%2Fomayatravel.com%2Fwp-admin%2F&reauth=1&jetpack-sso-show-default-form=1 | https://omayatravel.com/wp-login.php?redirect_to=https%3A%2F%2Fomayatravel.com%2Fwp-admin%2F&reauth=1&jetpack-sso-show-default-form=0 | https://omayatravel.com/wp-login.php?action=lostpassword | https://omayatravel.com/,,/wp-login.php,noindex,low,Query/filter URL discovered; avoid indexing unless deliberately designed.
https://omayatravel.com/wpbc-bfb-preview/,"internal crawl, sitemap",https://omayatravel.com/page-sitemap.xml,200,https://omayatravel.com/wpbc-bfb-preview/,content page,Booking Form Preview - Omaya Travel,,https://omayatravel.com/wpbc-bfb-preview/,"follow, index, max-snippet:-1, max-video-preview:-1, max-image-preview:large",Booking Form Preview,,"Article, BreadcrumbList, ImageObject, ListItem, Organization, Person, TravelAgency, WebPage, WebSite",1,33,https://omayatravel.com/wpbc-bfb-preview/,https://omayatravel.com/wpbc-bfb-preview/ | https://omayatravel.com/tassili-najjer-national-park-algeria-guide/ | https://omayatravel.com/2026/07/ | https://omayatravel.com/the-complete-visitor-guide-to-rila-monastery/ | https://omayatravel.com/2026/04/ | https://omayatravel.com/ | https://omayatravel.com/tour-item/algeria-desert-expedition-tadrart-rouge/ | https://omayatravel.com/tour-item/bulgaria-trip/ | https://omayatravel.com/tour-item/safari-tour/ | https://omayatravel.com/tour-item/morocco-tour/ | https://omayatravel.com/classic-tours/ | https://omayatravel.com/women-only-tours/,https://www.facebook.com/tr?id=1606463407092899&ev=PageView&noscript=1 (alt: facebook) | https://i0.wp.com/omayatravel.com/wp-content/uploads/2018/02/logo-sidearea-1.png?fit=162%2C52&ssl=1 (alt: logo) | https://i0.wp.com/omayatravel.com/wp-content/uploads/2026/07/Algeria-Tassili-National-Park.webp?resize=150%2C150&ssl=1 (alt: Algeria Tassili n'Ajjer Desert Expedition) | https://i0.wp.com/omayatravel.com/wp-content/uploads/2026/04/Rila-Monastery-Article-2-Opt.webp?resize=150%2C150&ssl=1 (alt: MISSING) | https://omayatravel.com/wp-content/uploads/2026/04/Black_logo-e1781169999413.webp (alt: logo),/wpbc-bfb-preview/,keep or redirect,medium,Route architecture should decide whether to preserve slug or consolidate.
https://omayatravel.com/wpbc-booking-received/,"internal crawl, sitemap",https://omayatravel.com/page-sitemap.xml,200,https://omayatravel.com/wpbc-booking-received/,content page,Booking Received - Omaya Travel,Thank you for your booking. Your booking has been successfully received.,https://omayatravel.com/wpbc-booking-received/,"follow, index, max-snippet:-1, max-video-preview:-1, max-image-preview:large",Booking Received,,"Article, BreadcrumbList, ImageObject, ListItem, Organization, Person, TravelAgency, WebPage, WebSite",1,33,https://omayatravel.com/wpbc-booking-received/,https://omayatravel.com/wpbc-booking-received/ | https://omayatravel.com/tassili-najjer-national-park-algeria-guide/ | https://omayatravel.com/2026/07/ | https://omayatravel.com/the-complete-visitor-guide-to-rila-monastery/ | https://omayatravel.com/2026/04/ | https://omayatravel.com/ | https://omayatravel.com/tour-item/algeria-desert-expedition-tadrart-rouge/ | https://omayatravel.com/tour-item/bulgaria-trip/ | https://omayatravel.com/tour-item/safari-tour/ | https://omayatravel.com/tour-item/morocco-tour/ | https://omayatravel.com/classic-tours/ | https://omayatravel.com/women-only-tours/,https://www.facebook.com/tr?id=1606463407092899&ev=PageView&noscript=1 (alt: facebook) | https://i0.wp.com/omayatravel.com/wp-content/uploads/2018/02/logo-sidearea-1.png?fit=162%2C52&ssl=1 (alt: logo) | https://i0.wp.com/omayatravel.com/wp-content/uploads/2026/07/Algeria-Tassili-National-Park.webp?resize=150%2C150&ssl=1 (alt: Algeria Tassili n'Ajjer Desert Expedition) | https://i0.wp.com/omayatravel.com/wp-content/uploads/2026/04/Rila-Monastery-Article-2-Opt.webp?resize=150%2C150&ssl=1 (alt: MISSING) | https://omayatravel.com/wp-content/uploads/2026/04/Black_logo-e1781169999413.webp (alt: logo),/wpbc-booking-received/,keep or redirect,medium,Route architecture should decide whether to preserve slug or consolidate.
